id,datetime,temperature,humidity
523,14-09-2020 11:50:56,23.48,41.21
524,14-09-2020 11:51:00,25.43,55.45
525,14-09-2020 11:51:01,24.52,56.23
526,14-09-2020 11:51:02,25.24,48.63
527,14-09-2020 11:51:03,25.98,47.24
528,14-09-2020 11:51:04,25.62,47.3
529,14-09-2020 11:51:05,21.0,50.05
530,14-09-2020 11:51:06,20.17,50.28
531,14-09-2020 11:51:07,23.06,42.04
532,14-09-2020 11:51:08,25.26,53.32
533,14-09-2020 11:51:09,22.01,56.5
534,14-09-2020 11:51:10,24.86,46.25
535,14-09-2020 11:51:11,25.1,44.44
536,14-09-2020 11:51:12,21.2,47.51
537,14-09-2020 11:51:13,20.21,53.14
538,14-09-2020 11:51:14,22.21,50.11
539,14-09-2020 11:51:15,21.01,48.44
540,14-09-2020 11:51:16,25.92,45.8
541,14-09-2020 11:51:17,21.22,48.48
542,14-09-2020 11:51:18,24.74,55.9
543,14-09-2020 11:51:19,21.37,53.33
544,14-09-2020 11:51:20,20.56,40.29
545,14-09-2020 11:51:21,22.87,53.55
546,14-09-2020 11:51:22,25.48,51.36
547,14-09-2020 11:51:24,20.33,42.09
548,14-09-2020 11:51:25,20.72,53.01
549,14-09-2020 11:51:26,23.67,56.24
550,14-09-2020 11:51:27,23.34,43.24
551,14-09-2020 11:51:28,25.79,57.21
552,14-09-2020 11:51:29,21.81,43.2
553,14-09-2020 11:51:30,20.53,48.58
554,14-09-2020 11:51:31,22.06,55.8
555,14-09-2020 11:51:32,22.92,58.63
556,14-09-2020 11:51:33,20.46,51.17
557,14-09-2020 11:51:34,23.37,46.51
558,14-09-2020 11:51:35,22.14,46.06
559,14-09-2020 11:51:36,23.8,47.3
560,14-09-2020 11:51:37,23.3,50.05
561,14-09-2020 11:51:38,22.65,52.23
562,14-09-2020 11:51:39,22.66,53.32
563,14-09-2020 11:51:40,23.35,51.09
564,14-09-2020 11:51:41,24.09,50.82
565,14-09-2020 11:51:42,22.59,55.8
566,14-09-2020 11:51:43,25.93,40.46
567,14-09-2020 11:51:44,23.61,52.27
568,14-09-2020 11:51:45,23.66,44.78
569,14-09-2020 11:51:46,22.95,43.19
570,14-09-2020 11:51:47,24.71,56.86
571,14-09-2020 11:51:48,24.75,54.75
572,14-09-2020 11:51:49,23.47,53.69
573,14-09-2020 11:51:50,20.86,51.36
574,14-09-2020 11:51:51,21.69,42.64
575,14-09-2020 11:51:52,20.45,52.59
576,14-09-2020 11:51:53,20.1,42.15
577,14-09-2020 11:51:54,22.82,54.18
578,14-09-2020 11:51:55,23.76,53.85
579,14-09-2020 11:51:56,24.22,44.02
580,14-09-2020 11:51:57,21.81,59.23
581,14-09-2020 11:51:58,24.73,49.85
582,14-09-2020 11:52:00,21.87,44.16
583,14-09-2020 11:52:01,24.76,41.39
584,14-09-2020 11:52:02,20.17,55.52
585,14-09-2020 11:52:03,22.26,46.37
586,14-09-2020 11:52:04,20.4,44.78
587,14-09-2020 11:52:05,21.16,44.77
588,14-09-2020 11:52:06,24.5,50.88
589,14-09-2020 11:52:07,25.79,55.44
590,14-09-2020 11:52:08,21.92,57.46
591,14-09-2020 11:52:09,24.68,54.63
592,14-09-2020 11:52:10,23.03,58.28
593,14-09-2020 11:52:11,24.73,44.38
594,14-09-2020 11:52:12,20.44,46.44
595,14-09-2020 11:52:13,24.59,52.62
596,14-09-2020 11:52:14,23.44,44.95
597,14-09-2020 11:52:15,22.12,52.21
598,14-09-2020 11:52:16,23.38,50.81
599,14-09-2020 11:52:17,23.96,42.01
600,14-09-2020 11:52:18,25.8,50.26
601,14-09-2020 11:52:19,25.24,40.44
602,14-09-2020 11:52:20,20.2,51.44
603,14-09-2020 11:52:21,24.24,56.44
604,14-09-2020 11:52:22,23.64,50.39
605,14-09-2020 11:52:23,25.27,47.73
606,14-09-2020 11:52:24,24.99,47.54
607,14-09-2020 11:52:25,20.2,59.99
608,14-09-2020 11:52:26,22.71,58.99
609,14-09-2020 11:52:27,21.47,54.85
610,14-09-2020 11:52:28,20.39,46.74
611,14-09-2020 11:52:29,21.59,55.48
612,14-09-2020 11:52:30,20.99,43.5
613,14-09-2020 11:52:31,22.28,45.9
614,14-09-2020 11:52:32,21.92,49.72
615,14-09-2020 11:52:33,23.29,50.7
616,14-09-2020 11:52:34,20.68,41.38
617,14-09-2020 11:52:36,20.83,51.06
618,14-09-2020 11:52:37,25.87,59.17
619,14-09-2020 11:52:38,23.53,52.8
620,14-09-2020 11:52:39,22.64,41.97
621,14-09-2020 11:52:40,23.7,43.13
622,14-09-2020 11:52:41,24.15,46.32
623,14-09-2020 11:52:42,20.64,46.54
624,14-09-2020 11:52:43,22.65,41.15
625,14-09-2020 11:52:44,23.54,56.42
626,14-09-2020 11:52:45,22.52,59.21
627,14-09-2020 11:52:46,25.34,46.57
628,14-09-2020 11:52:47,25.15,52.21
629,14-09-2020 11:52:48,24.24,53.59
630,14-09-2020 11:52:49,21.6,55.43
631,14-09-2020 11:52:50,22.04,55.4
632,14-09-2020 11:52:51,24.66,55.81
633,14-09-2020 11:52:52,20.77,52.42
634,14-09-2020 11:52:53,22.81,53.29
635,14-09-2020 11:52:54,23.99,40.78
636,14-09-2020 11:52:55,20.95,40.99
637,14-09-2020 11:52:56,24.98,52.79
638,14-09-2020 11:52:57,25.22,49.82
639,14-09-2020 11:52:58,23.04,58.83
640,14-09-2020 11:52:59,25.82,53.95
641,14-09-2020 11:53:00,25.12,42.78
642,14-09-2020 11:53:01,21.74,53.56
643,14-09-2020 11:53:02,24.98,54.76
644,14-09-2020 11:53:03,23.45,49.31
645,14-09-2020 11:53:04,23.43,56.33
646,14-09-2020 11:53:05,25.99,55.42
647,14-09-2020 11:53:06,22.55,49.8
648,14-09-2020 11:53:07,25.92,46.61
649,14-09-2020 11:53:08,21.25,52.01
650,14-09-2020 11:53:09,22.22,46.7
651,14-09-2020 11:53:10,21.66,57.4
652,14-09-2020 11:53:11,24.9,43.36
653,14-09-2020 11:53:12,21.23,46.83
654,14-09-2020 11:53:14,21.77,57.31
655,14-09-2020 11:53:15,21.11,47.22
656,14-09-2020 11:53:16,21.2,56.63
657,14-09-2020 11:53:17,23.19,56.16
658,14-09-2020 11:53:18,22.03,44.26
659,14-09-2020 11:53:19,25.58,46.97
660,14-09-2020 11:53:20,21.83,55.98
661,14-09-2020 11:53:21,22.1,50.18
662,14-09-2020 11:53:22,20.59,44.34
663,14-09-2020 11:53:23,25.83,51.1
664,14-09-2020 11:53:24,22.88,45.03
665,14-09-2020 11:53:25,24.38,55.9
666,14-09-2020 11:53:26,25.66,40.73
667,14-09-2020 11:53:27,22.62,48.63
668,14-09-2020 11:53:28,22.24,42.68
669,14-09-2020 11:53:29,22.96,43.55
670,14-09-2020 11:53:30,22.08,60.0
671,14-09-2020 11:53:31,20.41,48.29
672,14-09-2020 11:53:32,25.0,55.72
673,14-09-2020 11:53:33,25.88,44.16
674,14-09-2020 11:53:34,25.7,43.68
675,14-09-2020 11:53:35,21.63,55.05
676,14-09-2020 11:53:36,25.88,46.45
677,14-09-2020 11:53:37,24.94,55.59
678,14-09-2020 11:53:38,22.65,55.68
679,14-09-2020 11:53:39,23.59,47.8
680,14-09-2020 11:53:40,22.78,46.2
681,14-09-2020 11:53:41,23.8,54.58
682,14-09-2020 11:53:42,25.97,55.64
683,14-09-2020 11:53:43,23.22,58.07
684,14-09-2020 11:53:44,24.76,43.68
685,14-09-2020 11:53:45,20.05,57.75
686,14-09-2020 11:53:46,25.44,42.04
687,14-09-2020 11:53:47,22.18,56.41
688,14-09-2020 11:53:48,25.08,48.47
689,14-09-2020 11:53:49,22.36,55.78
690,14-09-2020 11:53:50,22.76,45.09
691,14-09-2020 11:53:51,22.14,54.41
692,14-09-2020 11:53:53,25.45,46.21
693,14-09-2020 11:53:54,25.95,57.7
694,14-09-2020 11:53:55,21.86,51.74
695,14-09-2020 11:53:56,24.17,58.62
696,14-09-2020 11:53:57,22.34,51.69
697,14-09-2020 11:53:58,24.32,42.66
698,14-09-2020 11:53:59,25.51,47.38
699,14-09-2020 11:54:00,24.62,56.57
700,14-09-2020 11:54:01,23.92,51.53
701,14-09-2020 11:54:02,25.23,42.57
702,14-09-2020 11:54:03,25.96,49.83
703,14-09-2020 11:54:04,25.48,41.44
704,14-09-2020 11:54:05,25.68,50.57
705,14-09-2020 11:54:06,24.91,56.46
706,14-09-2020 11:54:07,25.2,57.61
707,14-09-2020 11:54:08,24.17,47.67
708,14-09-2020 11:54:09,23.41,55.92
709,14-09-2020 11:54:10,20.59,46.59
710,14-09-2020 11:54:11,24.53,45.29
711,14-09-2020 11:54:12,24.11,48.76
712,14-09-2020 11:54:13,20.69,44.65
713,14-09-2020 11:54:14,21.91,41.75
714,14-09-2020 11:54:15,20.21,40.15
715,14-09-2020 11:54:16,23.79,47.49
716,14-09-2020 11:54:17,22.56,54.85
717,14-09-2020 11:54:18,21.12,46.62
718,14-09-2020 11:54:19,22.07,49.43
719,14-09-2020 11:54:20,21.56,46.5
720,14-09-2020 11:54:21,22.61,52.57
721,14-09-2020 11:54:22,24.45,52.73
722,14-09-2020 11:54:23,23.2,53.98
723,14-09-2020 11:54:24,20.77,57.98
724,14-09-2020 11:54:25,24.25,51.86
725,14-09-2020 11:54:26,22.87,54.09
726,14-09-2020 11:54:27,24.22,50.67
727,14-09-2020 11:54:28,21.18,44.55
728,14-09-2020 11:54:29,21.82,53.08
729,14-09-2020 11:54:30,21.26,41.57
730,14-09-2020 11:54:31,21.27,41.45
731,14-09-2020 11:54:32,23.72,59.29
732,14-09-2020 11:54:34,21.43,42.41
733,14-09-2020 11:54:35,24.96,42.64
734,14-09-2020 11:54:36,22.9,43.12
735,14-09-2020 11:54:37,22.21,58.38
736,14-09-2020 11:54:38,25.9,51.34
737,14-09-2020 11:54:39,24.64,54.95
738,14-09-2020 11:54:40,22.26,40.61
739,14-09-2020 11:54:41,24.95,57.54
740,14-09-2020 11:54:42,24.6,43.39
741,14-09-2020 11:54:43,23.64,44.39
742,14-09-2020 11:54:44,25.5,55.39
743,14-09-2020 11:54:45,23.46,43.14
744,14-09-2020 11:54:46,22.48,42.05
745,14-09-2020 11:54:47,22.55,46.57
746,14-09-2020 11:54:48,21.81,50.29
747,14-09-2020 11:54:49,22.62,40.07
748,14-09-2020 11:54:50,25.41,50.71
749,14-09-2020 11:54:51,22.33,48.9
750,14-09-2020 11:54:52,25.65,46.57
751,14-09-2020 11:54:53,25.91,51.67
752,14-09-2020 11:54:54,23.47,42.9
753,14-09-2020 11:54:55,21.01,50.42
754,14-09-2020 11:54:56,25.8,41.42
755,14-09-2020 11:54:57,22.05,55.26
756,14-09-2020 11:54:58,23.39,56.91
757,14-09-2020 11:54:59,23.61,55.32
758,14-09-2020 11:55:00,22.31,47.28
759,14-09-2020 11:55:01,21.22,49.82
760,14-09-2020 11:55:02,24.64,59.01
761,14-09-2020 11:55:03,24.03,54.24
762,14-09-2020 11:55:04,25.66,46.38
763,14-09-2020 11:55:05,20.83,42.53
764,14-09-2020 11:55:06,24.93,42.12
765,14-09-2020 11:55:07,20.92,48.65
766,14-09-2020 11:55:08,23.78,50.15
767,14-09-2020 11:55:09,22.08,57.56
768,14-09-2020 11:55:10,20.11,43.49
769,14-09-2020 11:55:12,25.89,51.3
770,14-09-2020 11:55:13,22.84,53.94
771,14-09-2020 11:55:14,23.88,42.38
772,14-09-2020 11:55:15,24.47,41.47
773,14-09-2020 11:55:16,22.05,57.56
774,14-09-2020 11:55:17,25.81,41.96
775,14-09-2020 11:55:18,25.1,47.66
776,14-09-2020 11:55:19,20.73,48.8
777,14-09-2020 11:55:20,20.95,53.33
778,14-09-2020 11:55:21,20.42,55.94
779,14-09-2020 11:55:22,22.09,48.73
780,14-09-2020 11:55:23,23.63,51.53
781,14-09-2020 11:55:24,25.52,41.64
782,14-09-2020 11:55:25,21.85,57.77
783,14-09-2020 11:55:26,22.77,55.66
784,14-09-2020 11:55:27,21.09,58.79
785,14-09-2020 11:55:28,20.73,41.78
786,14-09-2020 11:55:29,23.62,59.89
787,14-09-2020 11:55:30,23.06,52.46
788,14-09-2020 11:55:31,24.99,42.24
789,14-09-2020 11:55:32,21.53,51.49
790,14-09-2020 11:55:33,24.74,54.6
791,14-09-2020 11:55:34,24.45,51.97
792,14-09-2020 11:55:35,20.81,46.75
793,14-09-2020 11:55:36,23.85,40.23
794,14-09-2020 11:55:37,24.53,55.42
795,14-09-2020 11:55:38,24.24,42.73
796,14-09-2020 11:55:39,23.37,45.72
797,14-09-2020 11:55:40,24.34,44.42
798,14-09-2020 11:55:41,25.19,47.64
799,14-09-2020 11:55:42,25.43,49.11
800,14-09-2020 11:55:43,24.5,57.32
801,14-09-2020 11:55:44,22.92,44.32
802,14-09-2020 11:55:45,24.6,59.38
803,14-09-2020 11:55:46,20.72,40.59
804,14-09-2020 11:55:47,23.3,50.82
805,14-09-2020 11:55:48,22.57,46.87
806,14-09-2020 11:55:49,25.48,44.89
807,14-09-2020 11:55:51,24.31,57.03
808,14-09-2020 11:55:52,20.92,59.96
809,14-09-2020 11:55:53,21.84,44.89
810,14-09-2020 11:55:54,21.29,49.88
811,14-09-2020 11:55:55,20.77,41.23
812,14-09-2020 11:55:56,21.15,47.72
813,14-09-2020 11:55:57,22.63,49.72
814,14-09-2020 11:55:58,21.39,44.22
815,14-09-2020 11:55:59,20.2,41.98
816,14-09-2020 11:56:00,20.13,58.34
817,14-09-2020 11:56:01,25.77,53.04
818,14-09-2020 11:56:02,20.72,49.97
819,14-09-2020 11:56:03,23.66,59.63
820,14-09-2020 11:56:04,20.47,55.77
821,14-09-2020 11:56:05,23.89,40.28
822,14-09-2020 11:56:06,23.95,45.11
823,14-09-2020 11:56:07,21.42,50.78
824,14-09-2020 11:56:08,21.77,56.33
825,14-09-2020 11:56:09,24.22,50.36
826,14-09-2020 11:56:10,25.81,59.72
827,14-09-2020 11:56:11,20.95,48.16
828,14-09-2020 11:56:12,22.34,42.2
829,14-09-2020 11:56:13,24.77,55.34
830,14-09-2020 11:56:14,24.21,46.66
831,14-09-2020 11:56:15,24.1,47.67
832,14-09-2020 11:56:16,21.61,51.88
833,14-09-2020 11:56:17,24.51,46.4
834,14-09-2020 11:56:18,25.6,58.24
835,14-09-2020 11:56:19,23.59,59.67
836,14-09-2020 11:56:20,20.52,54.36
837,14-09-2020 11:56:21,21.29,52.65
838,14-09-2020 11:56:22,25.84,46.35
839,14-09-2020 11:56:23,23.43,51.57
840,14-09-2020 11:56:24,25.84,57.08
841,14-09-2020 11:56:26,21.13,41.04
842,14-09-2020 11:56:27,22.45,54.51
843,14-09-2020 11:56:28,22.21,49.06
844,14-09-2020 11:56:29,23.55,53.0
845,14-09-2020 11:56:30,22.48,53.0
846,14-09-2020 11:56:31,21.26,55.3
847,14-09-2020 11:56:32,23.46,51.33
848,14-09-2020 11:56:33,24.04,47.61
849,14-09-2020 11:56:34,23.99,42.78
850,14-09-2020 11:56:35,24.94,56.87
851,14-09-2020 11:56:36,25.55,58.2
852,14-09-2020 11:56:37,21.03,51.85
853,14-09-2020 11:56:38,22.21,57.15
854,14-09-2020 11:56:39,23.59,46.53
855,14-09-2020 11:56:40,22.02,40.46
856,14-09-2020 11:56:41,20.29,48.46
857,14-09-2020 11:56:42,21.27,50.16
858,14-09-2020 11:56:43,24.41,43.92
859,14-09-2020 11:56:44,20.2,49.05
860,14-09-2020 11:56:45,25.29,46.31
861,14-09-2020 11:56:46,20.11,51.42
862,14-09-2020 11:56:47,25.3,47.32
863,14-09-2020 11:56:48,21.53,50.73
864,14-09-2020 11:56:49,21.74,57.3
865,14-09-2020 11:56:50,24.4,42.33
866,14-09-2020 11:56:51,24.06,45.68
867,14-09-2020 11:56:52,23.59,51.28
868,14-09-2020 11:56:53,22.71,56.97
869,14-09-2020 11:56:54,22.83,51.35
870,14-09-2020 11:56:55,25.68,49.83
871,14-09-2020 11:56:56,21.85,44.32
872,14-09-2020 11:56:57,23.55,42.94
873,14-09-2020 11:56:58,24.06,47.58
874,14-09-2020 11:56:59,21.8,42.16
875,14-09-2020 11:57:00,24.13,46.63
876,14-09-2020 11:57:01,21.13,40.13
877,14-09-2020 11:57:02,23.87,50.47
878,14-09-2020 11:57:03,21.86,44.22
879,14-09-2020 11:57:05,25.04,41.39
880,14-09-2020 11:57:06,24.81,50.01
881,14-09-2020 11:57:07,20.23,54.48
882,14-09-2020 11:57:08,21.97,48.66
883,14-09-2020 11:57:09,23.46,43.27
884,14-09-2020 11:57:10,25.17,47.37
885,14-09-2020 11:57:11,21.64,40.57
886,14-09-2020 11:57:12,25.91,55.09
887,14-09-2020 11:57:13,22.86,42.55
888,14-09-2020 11:57:14,22.86,45.85
889,14-09-2020 11:57:15,21.2,44.65
890,14-09-2020 11:57:16,25.61,40.21
891,14-09-2020 11:57:17,21.52,57.16
892,14-09-2020 11:57:18,22.19,48.47
893,14-09-2020 11:57:19,24.25,44.94
894,14-09-2020 11:57:20,25.54,42.73
895,14-09-2020 11:57:21,20.12,46.45
896,14-09-2020 11:57:22,22.02,50.74
897,14-09-2020 11:57:23,20.87,58.5
898,14-09-2020 11:57:24,23.85,44.84
899,14-09-2020 11:57:25,22.89,43.08
900,14-09-2020 11:57:26,23.88,45.01
901,14-09-2020 11:57:27,25.0,41.56
902,14-09-2020 11:57:28,20.51,53.2
903,14-09-2020 11:57:29,22.24,41.85
904,14-09-2020 11:57:30,21.26,46.18
905,14-09-2020 11:57:31,25.34,55.22
906,14-09-2020 11:57:32,20.95,46.32
907,14-09-2020 11:57:33,21.14,47.43
908,14-09-2020 11:57:34,24.76,53.53
909,14-09-2020 11:57:35,20.69,57.13
910,14-09-2020 11:57:36,23.1,52.52
911,14-09-2020 11:57:37,25.32,40.26
912,14-09-2020 11:57:38,20.3,53.08
913,14-09-2020 11:57:39,23.04,59.64
914,14-09-2020 11:57:40,20.06,46.88
915,14-09-2020 11:57:41,24.2,47.82
916,14-09-2020 11:57:42,25.01,40.7
917,14-09-2020 11:57:43,25.3,55.64
918,14-09-2020 11:57:44,20.29,46.76
919,14-09-2020 11:57:46,21.53,48.34
920,14-09-2020 11:57:47,24.57,41.83
921,14-09-2020 11:57:48,22.69,43.19
922,14-09-2020 11:57:49,24.2,42.64
923,14-09-2020 11:57:50,24.55,58.79
924,14-09-2020 11:57:51,20.49,41.26
925,14-09-2020 11:57:52,22.6,49.33
926,14-09-2020 11:57:53,21.88,50.51
927,14-09-2020 11:57:54,22.47,40.35
928,14-09-2020 11:57:55,25.6,53.31
929,14-09-2020 11:57:56,24.91,52.13
930,14-09-2020 11:57:57,21.43,50.7
931,14-09-2020 11:57:58,24.53,40.9
932,14-09-2020 11:57:59,22.81,50.41
933,14-09-2020 11:58:00,25.14,52.01
934,14-09-2020 11:58:01,20.64,54.56
935,14-09-2020 11:58:02,22.96,53.68
936,14-09-2020 11:58:03,21.14,59.29
937,14-09-2020 11:58:04,23.82,53.3
938,14-09-2020 11:58:05,21.15,43.82
939,14-09-2020 11:58:06,21.07,55.89
940,14-09-2020 11:58:07,21.31,54.97
941,14-09-2020 11:58:08,20.08,54.36
942,14-09-2020 11:58:09,25.59,44.49
943,14-09-2020 11:58:10,20.33,45.27
944,14-09-2020 11:58:11,22.12,52.6
945,14-09-2020 11:58:12,24.63,42.52
946,14-09-2020 11:58:13,24.71,48.42
947,14-09-2020 11:58:14,20.98,58.15
948,14-09-2020 11:58:15,23.51,58.71
949,14-09-2020 11:58:16,25.7,49.36
950,14-09-2020 11:58:17,25.62,58.99
951,14-09-2020 11:58:18,24.06,42.19
952,14-09-2020 11:58:19,22.98,56.59
953,14-09-2020 11:58:20,22.46,50.25
954,14-09-2020 11:58:21,21.0,59.47
955,14-09-2020 11:58:23,25.05,54.15
956,14-09-2020 11:58:24,26.0,59.92
957,14-09-2020 11:58:25,25.55,40.51
958,14-09-2020 11:58:26,25.49,50.23
959,14-09-2020 11:58:27,20.06,43.21
960,14-09-2020 11:58:28,22.12,55.84
961,14-09-2020 11:58:29,21.11,52.62
962,14-09-2020 11:58:30,20.89,59.92
963,14-09-2020 11:58:31,20.8,55.32
964,14-09-2020 11:58:32,21.0,53.73
965,14-09-2020 11:58:33,23.0,58.0
966,14-09-2020 11:58:34,23.06,55.24
967,14-09-2020 11:58:35,22.86,50.12
968,14-09-2020 11:58:36,23.07,54.84
969,14-09-2020 11:58:37,23.66,46.47
970,14-09-2020 11:58:38,23.1,42.82
971,14-09-2020 11:58:39,22.05,51.46
972,14-09-2020 11:58:40,20.21,45.08
973,14-09-2020 11:58:41,24.76,41.6
974,14-09-2020 11:58:42,22.76,49.03
975,14-09-2020 11:58:43,22.23,56.43
976,14-09-2020 11:58:44,20.36,46.1
977,14-09-2020 11:58:45,23.85,59.09
978,14-09-2020 11:58:46,22.87,48.51
979,14-09-2020 11:58:47,21.25,42.5
980,14-09-2020 11:58:48,22.39,40.66
981,14-09-2020 11:58:49,25.48,58.73
982,14-09-2020 11:58:50,23.13,48.73
983,14-09-2020 11:58:51,20.97,51.61
984,14-09-2020 11:58:52,23.49,59.39
985,14-09-2020 11:58:53,23.36,50.6
986,14-09-2020 11:58:54,24.58,47.73
987,14-09-2020 11:58:55,21.98,58.0
988,14-09-2020 11:58:56,23.6,54.25
989,14-09-2020 11:58:57,24.34,47.04
990,14-09-2020 11:58:59,20.68,47.67
991,14-09-2020 11:59:00,25.94,43.38
992,14-09-2020 11:59:01,24.46,44.19
993,14-09-2020 11:59:02,23.33,50.87
994,14-09-2020 11:59:03,23.96,52.57
995,14-09-2020 11:59:04,21.9,52.15
996,14-09-2020 11:59:05,25.37,42.08
997,14-09-2020 11:59:06,23.44,48.38
998,14-09-2020 11:59:07,21.71,49.08
999,14-09-2020 11:59:08,23.04,41.54
1000,14-09-2020 11:59:09,21.86,49.5
1001,14-09-2020 11:59:10,20.9,59.55
1002,14-09-2020 11:59:11,24.79,55.44
1003,14-09-2020 11:59:12,25.98,46.87
1004,14-09-2020 11:59:13,24.24,40.22
1005,14-09-2020 11:59:14,23.22,53.02
1006,14-09-2020 11:59:15,21.42,52.36
1007,14-09-2020 11:59:16,21.96,48.46
1008,14-09-2020 11:59:17,24.53,50.73
1009,14-09-2020 11:59:18,24.63,59.35
1010,14-09-2020 11:59:19,25.3,43.57
1011,14-09-2020 11:59:20,21.7,46.64
1012,14-09-2020 11:59:21,24.7,52.26
1013,14-09-2020 11:59:22,22.2,50.3
1014,14-09-2020 11:59:23,23.15,59.93
1015,14-09-2020 11:59:24,24.54,49.81
1016,14-09-2020 11:59:25,23.53,51.43
1017,14-09-2020 11:59:26,23.13,56.0
1018,14-09-2020 11:59:27,20.86,53.52
1019,14-09-2020 11:59:28,20.83,41.38
1020,14-09-2020 11:59:29,23.37,53.1
1021,14-09-2020 11:59:30,25.28,42.2
1022,14-09-2020 11:59:31,20.1,54.9
1023,14-09-2020 11:59:32,24.03,44.43
1024,14-09-2020 11:59:33,25.89,49.13
1025,14-09-2020 11:59:34,20.19,45.15
1026,14-09-2020 11:59:36,23.93,48.54
1027,14-09-2020 11:59:37,22.87,55.5
1028,14-09-2020 11:59:38,24.96,41.26
1029,14-09-2020 11:59:39,22.05,58.69
1030,14-09-2020 11:59:40,20.68,50.29
1031,14-09-2020 11:59:41,23.15,45.67
1032,14-09-2020 11:59:42,21.8,57.79
1033,14-09-2020 11:59:43,24.73,58.25
1034,14-09-2020 11:59:44,22.18,56.82
1035,14-09-2020 11:59:45,24.83,45.72
1036,14-09-2020 11:59:46,22.19,43.05
1037,14-09-2020 11:59:47,22.33,43.12
1038,14-09-2020 11:59:48,24.99,49.93
1039,14-09-2020 11:59:49,24.04,45.0
1040,14-09-2020 11:59:50,22.01,50.02
1041,14-09-2020 11:59:51,23.23,41.19
1042,14-09-2020 11:59:52,20.86,46.68
1043,14-09-2020 11:59:53,24.75,49.67
1044,14-09-2020 11:59:54,20.32,42.0
1045,14-09-2020 11:59:55,22.62,42.07
1046,14-09-2020 11:59:56,24.01,50.78
1047,14-09-2020 11:59:57,23.02,43.5
1048,14-09-2020 11:59:58,22.03,41.07
1049,14-09-2020 11:59:59,25.29,47.7
1050,14-09-2020 12:00:00,24.05,52.58
1051,14-09-2020 12:00:01,21.07,53.27
1052,14-09-2020 12:00:02,25.72,55.17
1053,14-09-2020 12:00:03,25.19,58.05
1054,14-09-2020 12:00:04,24.5,59.24
1055,14-09-2020 12:00:05,22.51,45.62
1056,14-09-2020 12:00:06,22.0,56.82
1057,14-09-2020 12:00:07,20.13,55.27
1058,14-09-2020 12:00:08,23.35,42.75
1059,14-09-2020 12:00:09,21.74,48.74
1060,14-09-2020 12:00:10,25.08,40.22
1061,14-09-2020 12:00:11,21.09,52.69
1062,14-09-2020 12:00:12,21.86,40.3
1063,14-09-2020 12:00:13,25.33,49.63
1064,14-09-2020 12:00:14,22.71,55.04
1065,14-09-2020 12:00:15,25.8,44.82
1066,14-09-2020 12:00:16,21.43,55.29
1067,14-09-2020 12:00:17,23.43,59.39
1068,14-09-2020 12:00:19,21.99,57.28
1069,14-09-2020 12:00:20,22.43,46.19
1070,14-09-2020 12:00:21,23.06,56.25
1071,14-09-2020 12:00:22,24.9,50.67
1072,14-09-2020 12:00:23,25.87,53.27
1073,14-09-2020 12:00:24,25.05,50.97
1074,14-09-2020 12:00:25,20.22,58.61
1075,14-09-2020 12:00:26,23.46,51.6
1076,14-09-2020 12:00:27,25.06,44.57
1077,14-09-2020 12:00:28,22.35,45.29
1078,14-09-2020 12:00:29,22.87,49.81
1079,14-09-2020 12:00:30,25.36,59.45
1080,14-09-2020 12:00:31,21.47,56.26
1081,14-09-2020 12:00:32,22.48,41.58
1082,14-09-2020 12:00:33,24.22,48.66
1083,14-09-2020 12:00:34,24.93,42.31
1084,14-09-2020 12:00:35,21.71,55.78
1085,14-09-2020 12:00:36,25.14,42.85
1086,14-09-2020 12:00:37,21.28,49.42
1087,14-09-2020 12:00:38,22.92,47.4
1088,14-09-2020 12:00:39,21.45,46.6
1089,14-09-2020 12:00:40,25.06,52.28
1090,14-09-2020 12:00:41,21.18,43.12
1091,14-09-2020 12:00:42,22.44,52.44
1092,14-09-2020 12:00:43,24.21,53.24
1093,14-09-2020 12:00:44,25.37,53.14
1094,14-09-2020 12:00:45,22.21,53.59
1095,14-09-2020 12:00:46,21.8,58.25
1096,14-09-2020 12:00:47,24.93,45.24
1097,14-09-2020 12:00:48,20.51,59.75
1098,14-09-2020 12:00:49,21.59,58.48
1099,14-09-2020 12:00:50,25.95,44.43
1100,14-09-2020 12:00:51,21.39,52.3
1101,14-09-2020 12:00:52,22.31,43.68
1102,14-09-2020 12:00:53,24.91,52.09
1103,14-09-2020 12:00:54,25.72,56.94
1104,14-09-2020 12:00:55,20.22,59.91
1105,14-09-2020 12:00:56,23.23,45.91
1106,14-09-2020 12:00:57,23.88,55.82
1107,14-09-2020 12:00:58,24.82,51.4
1108,14-09-2020 12:01:00,21.33,55.37
1109,14-09-2020 12:01:01,21.06,46.48
1110,14-09-2020 12:01:02,25.82,46.21
1111,14-09-2020 12:01:03,22.13,51.47
1112,14-09-2020 12:01:04,22.99,53.21
1113,14-09-2020 12:01:05,24.5,48.48
1114,14-09-2020 12:01:06,22.05,57.21
1115,14-09-2020 12:01:07,24.29,53.99
1116,14-09-2020 12:01:08,20.18,42.84
1117,14-09-2020 12:01:09,20.8,53.03
1118,14-09-2020 12:01:10,24.82,58.56
1119,14-09-2020 12:01:11,23.41,51.47
1120,14-09-2020 12:01:12,25.23,49.3
1121,14-09-2020 12:01:13,25.21,43.47
1122,14-09-2020 12:01:14,25.75,50.53
1123,14-09-2020 12:01:15,25.87,53.24
1124,14-09-2020 12:01:16,25.03,43.34
1125,14-09-2020 12:01:17,22.56,51.45
1126,14-09-2020 12:01:18,25.33,58.43
1127,14-09-2020 12:01:19,20.18,58.06
1128,14-09-2020 12:01:20,24.15,51.11
1129,14-09-2020 12:01:21,23.29,45.6
1130,14-09-2020 12:01:22,23.1,58.84
1131,14-09-2020 12:01:23,21.59,56.64
1132,14-09-2020 12:01:24,24.28,48.86
1133,14-09-2020 12:01:25,24.62,50.01
1134,14-09-2020 12:01:26,22.33,59.04
1135,14-09-2020 12:01:27,25.76,53.84
1136,14-09-2020 12:01:28,24.46,46.78
1137,14-09-2020 12:01:29,20.25,43.01
1138,14-09-2020 12:01:30,24.24,50.18
1139,14-09-2020 12:01:31,25.17,48.8
1140,14-09-2020 12:01:32,25.12,55.7
1141,14-09-2020 12:01:33,25.86,54.02
1142,14-09-2020 12:01:34,24.35,45.73
1143,14-09-2020 12:01:35,22.92,45.12
1144,14-09-2020 12:01:36,21.83,59.89
1145,14-09-2020 12:01:37,24.11,52.35
1146,14-09-2020 12:01:38,25.57,55.5
1147,14-09-2020 12:01:39,21.05,46.23
1148,14-09-2020 12:01:41,22.87,49.29
1149,14-09-2020 12:01:42,24.66,52.31
1150,14-09-2020 12:01:43,24.69,54.89
1151,14-09-2020 12:01:44,22.92,51.74
1152,14-09-2020 12:01:45,20.52,52.84
1153,14-09-2020 12:01:46,22.47,48.94
1154,14-09-2020 12:01:47,24.81,40.43
1155,14-09-2020 12:01:48,22.85,51.9
1156,14-09-2020 12:01:49,24.08,43.78
1157,14-09-2020 12:01:50,21.26,58.77
1158,14-09-2020 12:01:51,25.2,47.45
1159,14-09-2020 12:01:52,22.99,57.57
1160,14-09-2020 12:01:53,23.88,58.27
1161,14-09-2020 12:01:54,22.78,47.05
1162,14-09-2020 12:01:55,21.04,54.94
1163,14-09-2020 12:01:56,23.33,46.77
1164,14-09-2020 12:01:57,25.53,53.82
1165,14-09-2020 12:01:58,21.73,53.79
1166,14-09-2020 12:01:59,21.83,57.86
1167,14-09-2020 12:02:00,25.45,51.95
1168,14-09-2020 12:02:01,24.49,43.21
1169,14-09-2020 12:02:02,24.22,49.6
1170,14-09-2020 12:02:03,20.19,59.03
1171,14-09-2020 12:02:04,23.64,46.86
1172,14-09-2020 12:02:05,24.0,53.05
1173,14-09-2020 12:02:06,20.13,40.26
1174,14-09-2020 12:02:07,22.03,42.02
1175,14-09-2020 12:02:08,21.93,54.69
1176,14-09-2020 12:02:09,24.27,49.5
1177,14-09-2020 12:02:10,24.02,58.35
1178,14-09-2020 12:02:11,20.73,41.94
1179,14-09-2020 12:02:12,24.87,55.31
1180,14-09-2020 12:02:13,25.79,59.12
1181,14-09-2020 12:02:14,25.62,45.77
1182,14-09-2020 12:02:15,25.99,56.52
1183,14-09-2020 12:02:16,24.88,57.17
1184,14-09-2020 12:02:17,22.06,41.58
1185,14-09-2020 12:02:18,25.96,47.17
1186,14-09-2020 12:02:20,24.62,45.7
1187,14-09-2020 12:02:21,24.17,40.37
1188,14-09-2020 12:02:22,25.3,53.97
1189,14-09-2020 12:02:23,24.74,48.59
1190,14-09-2020 12:02:24,21.8,49.0
1191,14-09-2020 12:02:25,23.24,52.44
1192,14-09-2020 12:02:26,23.39,52.37
1193,14-09-2020 12:02:27,21.46,42.09
1194,14-09-2020 12:02:28,20.85,41.91
1195,14-09-2020 12:02:29,24.12,53.83
1196,14-09-2020 12:02:30,23.08,52.99
1197,14-09-2020 12:02:31,20.71,53.48
1198,14-09-2020 12:02:32,21.48,50.24
1199,14-09-2020 12:02:33,23.54,59.55
1200,14-09-2020 12:02:34,25.45,40.57
1201,14-09-2020 12:02:35,20.1,52.51
1202,14-09-2020 12:02:36,20.55,52.28
1203,14-09-2020 12:02:37,22.71,53.16
1204,14-09-2020 12:02:38,23.68,46.84
1205,14-09-2020 12:02:39,23.27,52.23
1206,14-09-2020 12:02:40,23.71,48.58
1207,14-09-2020 12:02:41,20.88,47.37
1208,14-09-2020 12:02:42,24.46,43.79
1209,14-09-2020 12:02:43,21.42,59.68
1210,14-09-2020 12:02:44,25.58,44.17
1211,14-09-2020 12:02:45,20.38,44.7
1212,14-09-2020 12:02:46,23.22,43.13
1213,14-09-2020 12:02:47,21.07,47.47
1214,14-09-2020 12:02:48,22.96,57.44
1215,14-09-2020 12:02:49,20.72,51.94
1216,14-09-2020 12:02:50,25.67,42.27
1217,14-09-2020 12:02:51,22.94,49.39
1218,14-09-2020 12:02:52,22.42,44.04
1219,14-09-2020 12:02:53,24.95,45.69
1220,14-09-2020 12:02:54,23.43,50.93
1221,14-09-2020 12:02:55,22.86,49.5
1222,14-09-2020 12:02:56,20.05,40.62
1223,14-09-2020 12:02:58,20.34,44.85
1224,14-09-2020 12:02:59,23.3,57.96
1225,14-09-2020 12:03:00,23.49,47.26
1226,14-09-2020 12:03:01,25.99,55.28
1227,14-09-2020 12:03:02,20.97,58.91
1228,14-09-2020 12:03:03,23.11,52.4
1229,14-09-2020 12:03:04,24.64,59.3
1230,14-09-2020 12:03:05,25.9,42.28
1231,14-09-2020 12:03:06,25.15,46.46
1232,14-09-2020 12:03:07,20.72,46.58
1233,14-09-2020 12:03:08,20.14,55.41
1234,14-09-2020 12:03:09,22.81,48.01
1235,14-09-2020 12:03:10,23.43,58.56
1236,14-09-2020 12:03:11,21.82,46.26
1237,14-09-2020 12:03:12,22.46,45.48
1238,14-09-2020 12:03:13,22.34,46.91
1239,14-09-2020 12:03:14,25.18,41.6
1240,14-09-2020 12:03:15,23.57,52.36
1241,14-09-2020 12:03:16,22.65,51.85
1242,14-09-2020 12:03:17,24.11,50.17
1243,14-09-2020 12:03:18,25.92,43.76
1244,14-09-2020 12:03:19,24.1,49.43
1245,14-09-2020 12:03:20,23.72,54.38
1246,14-09-2020 12:03:21,20.82,54.52
1247,14-09-2020 12:03:22,23.46,43.82
1248,14-09-2020 12:03:23,20.22,46.61
1249,14-09-2020 12:03:24,20.74,59.12
1250,14-09-2020 12:03:25,25.45,50.57
1251,14-09-2020 12:03:26,24.06,46.27
1252,14-09-2020 12:03:27,23.71,52.93
1253,14-09-2020 12:03:28,22.3,57.98
1254,14-09-2020 12:03:29,20.74,52.87
1255,14-09-2020 12:03:30,21.4,57.02
1256,14-09-2020 12:03:31,23.26,47.56
1257,14-09-2020 12:03:32,24.5,58.65
1258,14-09-2020 12:03:33,24.92,59.91
1259,14-09-2020 12:03:35,25.77,52.39
1260,14-09-2020 12:03:36,24.18,56.99
1261,14-09-2020 12:03:37,21.86,59.84
1262,14-09-2020 12:03:38,22.13,49.64
1263,14-09-2020 12:03:39,23.35,46.81
1264,14-09-2020 12:03:40,20.62,52.07
1265,14-09-2020 12:03:41,21.81,50.66
1266,14-09-2020 12:03:42,23.74,41.85
1267,14-09-2020 12:03:43,20.74,59.05
1268,14-09-2020 12:03:44,23.74,51.44
1269,14-09-2020 12:03:45,20.28,58.38
1270,14-09-2020 12:03:46,21.25,57.42
1271,14-09-2020 12:03:47,20.83,47.89
1272,14-09-2020 12:03:48,20.2,57.97
1273,14-09-2020 12:03:49,20.35,54.9
1274,14-09-2020 12:03:50,25.49,53.19
1275,14-09-2020 12:03:51,24.95,43.41
1276,14-09-2020 12:03:52,22.04,52.02
1277,14-09-2020 12:03:53,24.33,50.65
1278,14-09-2020 12:03:54,25.51,41.24
1279,14-09-2020 12:03:55,21.19,41.6
1280,14-09-2020 12:03:56,20.85,49.83
1281,14-09-2020 12:03:57,21.3,42.97
1282,14-09-2020 12:03:58,24.61,41.23
1283,14-09-2020 12:03:59,24.09,59.9
1284,14-09-2020 12:04:00,20.0,48.36
1285,14-09-2020 12:04:01,20.69,41.02
1286,14-09-2020 12:04:02,23.55,58.83
1287,14-09-2020 12:04:03,25.43,59.93
1288,14-09-2020 12:04:04,25.86,44.07
1289,14-09-2020 12:04:05,25.2,57.0
1290,14-09-2020 12:04:06,20.16,50.77
1291,14-09-2020 12:04:07,20.95,42.68
1292,14-09-2020 12:04:08,21.25,43.22
1293,14-09-2020 12:04:09,22.73,55.33
1294,14-09-2020 12:04:10,22.32,58.82
1295,14-09-2020 12:04:11,24.19,58.53
1296,14-09-2020 12:04:12,22.73,42.44
1297,14-09-2020 12:04:14,21.45,58.52
1298,14-09-2020 12:04:15,20.83,54.26
1299,14-09-2020 12:04:16,21.73,42.41
1300,14-09-2020 12:04:17,21.65,44.59
1301,14-09-2020 12:04:18,22.35,54.18
1302,14-09-2020 12:04:19,22.24,46.06
1303,14-09-2020 12:04:20,25.15,53.23
1304,14-09-2020 12:04:21,24.47,49.5
1305,14-09-2020 12:04:22,20.24,48.64
1306,14-09-2020 12:04:23,21.73,59.98
1307,14-09-2020 12:04:24,22.78,59.29
1308,14-09-2020 12:04:25,25.56,56.49
1309,14-09-2020 12:04:26,24.39,53.68
1310,14-09-2020 12:04:27,25.29,48.19
1311,14-09-2020 12:04:28,22.08,53.68
1312,14-09-2020 12:04:29,23.16,49.22
1313,14-09-2020 12:04:30,25.21,48.2
1314,14-09-2020 12:04:31,21.41,41.1
1315,14-09-2020 12:04:32,22.75,57.77
1316,14-09-2020 12:04:33,21.45,46.02
1317,14-09-2020 12:04:34,25.29,46.71
1318,14-09-2020 12:04:35,21.02,59.25
1319,14-09-2020 12:04:36,22.16,46.07
1320,14-09-2020 12:04:37,25.06,50.65
1321,14-09-2020 12:04:38,20.86,52.3
1322,14-09-2020 12:04:39,24.55,48.95
1323,14-09-2020 12:04:40,22.52,44.25
1324,14-09-2020 12:04:41,24.91,57.95
1325,14-09-2020 12:04:42,20.53,52.88
1326,14-09-2020 12:04:43,23.88,58.91
1327,14-09-2020 12:04:44,20.56,45.62
1328,14-09-2020 12:04:45,25.73,43.44
1329,14-09-2020 12:04:46,24.99,51.28
1330,14-09-2020 12:04:47,24.4,44.03
1331,14-09-2020 12:04:48,24.92,57.51
1332,14-09-2020 12:04:49,24.02,53.74
1333,14-09-2020 12:04:50,20.48,46.0
1334,14-09-2020 12:04:52,22.44,42.74
1335,14-09-2020 12:04:53,21.23,42.85
1336,14-09-2020 12:04:54,20.29,48.23
1337,14-09-2020 12:04:55,24.31,45.18
1338,14-09-2020 12:04:56,23.6,50.25
1339,14-09-2020 12:04:57,24.6,40.3
1340,14-09-2020 12:04:58,24.54,55.6
1341,14-09-2020 12:04:59,20.38,56.0
1342,14-09-2020 12:05:00,24.12,42.44
1343,14-09-2020 12:05:01,22.89,49.95
1344,14-09-2020 12:05:02,25.2,49.97
1345,14-09-2020 12:05:03,23.66,48.48
1346,14-09-2020 12:05:04,23.99,43.65
1347,14-09-2020 12:05:05,24.64,57.77
1348,14-09-2020 12:05:06,25.31,59.87
1349,14-09-2020 12:05:07,24.49,58.1
1350,14-09-2020 12:05:08,23.08,48.17
1351,14-09-2020 12:05:09,20.21,44.82
1352,14-09-2020 12:05:10,25.23,47.25
1353,14-09-2020 12:05:11,22.11,58.24
1354,14-09-2020 12:05:12,21.35,45.35
1355,14-09-2020 12:05:13,20.8,49.82
1356,14-09-2020 12:05:14,24.03,50.6
1357,14-09-2020 12:05:15,20.75,45.18
1358,14-09-2020 12:05:16,25.19,47.8
1359,14-09-2020 12:05:17,24.76,47.96
1360,14-09-2020 12:05:18,25.11,45.91
1361,14-09-2020 12:05:19,20.56,57.16
1362,14-09-2020 12:05:20,23.38,58.1
1363,14-09-2020 12:05:21,20.66,45.96
1364,14-09-2020 12:05:22,21.3,45.35
1365,14-09-2020 12:05:23,21.71,43.87
1366,14-09-2020 12:05:24,23.11,51.03
1367,14-09-2020 12:05:25,23.08,59.61
1368,14-09-2020 12:05:26,24.07,51.2
1369,14-09-2020 12:05:27,23.93,46.52
1370,14-09-2020 12:05:28,24.8,51.48
1371,14-09-2020 12:05:29,20.95,50.84
1372,14-09-2020 12:05:30,22.6,40.8
1373,14-09-2020 12:05:32,23.35,57.76
1374,14-09-2020 12:05:33,22.36,50.85
1375,14-09-2020 12:05:34,21.02,52.67
1376,14-09-2020 12:05:35,24.69,59.06
1377,14-09-2020 12:05:36,23.16,59.56
1378,14-09-2020 12:05:37,24.7,51.98
1379,14-09-2020 12:05:38,22.95,49.82
1380,14-09-2020 12:05:39,21.4,41.07
1381,14-09-2020 12:05:40,22.24,46.09
1382,14-09-2020 12:05:41,20.28,59.97
1383,14-09-2020 12:05:42,21.06,51.57
1384,14-09-2020 12:05:43,21.27,49.16
1385,14-09-2020 12:05:44,23.18,46.33
1386,14-09-2020 12:05:45,23.94,46.29
1387,14-09-2020 12:05:46,23.2,47.66
1388,14-09-2020 12:05:47,25.96,48.44
1389,14-09-2020 12:05:48,25.9,54.82
1390,14-09-2020 12:05:49,21.63,46.4
1391,14-09-2020 12:05:50,22.51,52.56
1392,14-09-2020 12:05:51,25.07,40.67
1393,14-09-2020 12:05:52,25.57,47.44
1394,14-09-2020 12:05:53,21.94,48.02
1395,14-09-2020 12:05:54,24.54,54.5
1396,14-09-2020 12:05:55,24.36,58.02
1397,14-09-2020 12:05:56,22.42,47.11
1398,14-09-2020 12:05:57,25.73,46.74
1399,14-09-2020 12:05:58,21.98,49.26
1400,14-09-2020 12:05:59,23.19,43.97
1401,14-09-2020 12:06:00,23.61,59.36
1402,14-09-2020 12:06:01,21.24,41.37
1403,14-09-2020 12:06:02,20.33,51.11
1404,14-09-2020 12:06:03,24.96,59.74
1405,14-09-2020 12:06:04,22.21,40.82
1406,14-09-2020 12:06:05,22.28,56.22
1407,14-09-2020 12:06:06,24.59,44.41
1408,14-09-2020 12:06:07,23.15,58.71
1409,14-09-2020 12:06:08,25.4,59.39
1410,14-09-2020 12:06:09,25.33,44.99
1411,14-09-2020 12:06:11,25.69,54.29
1412,14-09-2020 12:06:12,22.49,44.31
1413,14-09-2020 12:06:13,21.01,56.34
1414,14-09-2020 12:06:14,20.89,41.09
1415,14-09-2020 12:06:15,23.06,50.5
1416,14-09-2020 12:06:16,22.6,47.61
1417,14-09-2020 12:06:17,23.29,49.77
1418,14-09-2020 12:06:18,21.43,42.6
1419,14-09-2020 12:06:19,22.52,40.91
1420,14-09-2020 12:06:20,22.43,49.37
1421,14-09-2020 12:06:21,20.55,47.2
1422,14-09-2020 12:06:22,20.69,58.97
1423,14-09-2020 12:06:23,21.88,44.77
1424,14-09-2020 12:06:24,24.42,50.65
1425,14-09-2020 12:06:25,20.45,50.47
1426,14-09-2020 12:06:26,24.22,56.45
1427,14-09-2020 12:06:27,21.3,55.22
1428,14-09-2020 12:06:28,25.11,40.71
1429,14-09-2020 12:06:29,20.87,52.41
1430,14-09-2020 12:06:30,21.63,48.53
1431,14-09-2020 12:06:31,25.33,56.07
1432,14-09-2020 12:06:32,20.31,41.18
1433,14-09-2020 12:06:33,20.41,52.04
1434,14-09-2020 12:06:34,25.05,44.91
1435,14-09-2020 12:06:35,20.66,55.07
1436,14-09-2020 12:06:36,22.19,57.67
1437,14-09-2020 12:06:37,21.88,52.21
1438,14-09-2020 12:06:38,23.36,45.71
1439,14-09-2020 12:06:39,24.73,57.75
1440,14-09-2020 12:06:40,20.85,57.63
1441,14-09-2020 12:06:41,20.91,44.0
1442,14-09-2020 12:06:42,25.71,48.12
1443,14-09-2020 12:06:43,24.27,42.92
1444,14-09-2020 12:06:44,25.59,52.23
1445,14-09-2020 12:06:45,22.81,48.68
1446,14-09-2020 12:06:46,24.83,54.21
1447,14-09-2020 12:06:47,22.89,48.45
1448,14-09-2020 12:06:48,25.12,54.84
1449,14-09-2020 12:06:49,21.04,47.88
1450,14-09-2020 12:06:50,25.33,41.92
1451,14-09-2020 12:06:51,25.34,51.43
1452,14-09-2020 12:06:52,23.4,46.48
1453,14-09-2020 12:06:54,23.67,58.42
1454,14-09-2020 12:06:55,25.16,59.39
1455,14-09-2020 12:06:56,24.47,53.23
1456,14-09-2020 12:06:57,24.11,42.75
1457,14-09-2020 12:06:58,21.29,52.44
1458,14-09-2020 12:06:59,23.86,50.55
1459,14-09-2020 12:07:00,21.09,41.72
1460,14-09-2020 12:07:01,25.07,51.2
1461,14-09-2020 12:07:02,22.69,58.84
1462,14-09-2020 12:07:03,20.26,52.84
1463,14-09-2020 12:07:04,20.14,45.71
1464,14-09-2020 12:07:05,24.87,49.29
1465,14-09-2020 12:07:06,21.47,40.55
1466,14-09-2020 12:07:07,20.58,42.45
1467,14-09-2020 12:07:08,24.24,42.07
1468,14-09-2020 12:07:09,22.28,41.62
1469,14-09-2020 12:07:10,23.42,51.26
1470,14-09-2020 12:07:11,24.59,43.06
1471,14-09-2020 12:07:12,21.44,42.91
1472,14-09-2020 12:07:13,24.63,54.01
1473,14-09-2020 12:07:14,22.83,51.82
1474,14-09-2020 12:07:15,20.22,46.37
1475,14-09-2020 12:07:16,21.52,40.73
1476,14-09-2020 12:07:17,23.08,44.15
1477,14-09-2020 12:07:18,24.76,50.24
1478,14-09-2020 12:07:19,24.72,43.41
1479,14-09-2020 12:07:20,24.85,40.3
1480,14-09-2020 12:07:21,22.93,42.86
1481,14-09-2020 12:07:22,20.7,43.14
1482,14-09-2020 12:07:23,20.64,46.78
1483,14-09-2020 12:07:24,22.32,40.29
1484,14-09-2020 12:07:25,21.4,52.74
1485,14-09-2020 12:07:26,22.82,55.9
1486,14-09-2020 12:07:27,21.27,53.26
1487,14-09-2020 12:07:29,22.85,57.7
1488,14-09-2020 12:07:30,25.65,45.2
1489,14-09-2020 12:07:31,20.31,58.99
1490,14-09-2020 12:07:32,25.14,49.82
1491,14-09-2020 12:07:33,23.63,45.33
1492,14-09-2020 12:07:34,25.75,45.14
1493,14-09-2020 12:07:35,25.94,47.33
1494,14-09-2020 12:07:36,23.25,50.82
1495,14-09-2020 12:07:37,22.63,56.06
1496,14-09-2020 12:07:38,21.79,45.03
1497,14-09-2020 12:07:39,21.94,40.84
1498,14-09-2020 12:07:40,22.26,51.48
1499,14-09-2020 12:07:41,23.11,55.65
1500,14-09-2020 12:07:42,23.58,57.81
1501,14-09-2020 12:07:43,23.69,46.61
1502,14-09-2020 12:07:44,21.53,54.99
1503,14-09-2020 12:07:45,21.11,45.25
1504,14-09-2020 12:07:46,23.76,52.12
1505,14-09-2020 12:07:47,25.64,54.49
1506,14-09-2020 12:07:48,21.44,42.83
1507,14-09-2020 12:07:49,20.56,54.51
1508,14-09-2020 12:07:50,23.38,57.31
1509,14-09-2020 12:07:51,25.04,42.0
1510,14-09-2020 12:07:52,23.51,42.91
1511,14-09-2020 12:07:53,22.09,51.52
1512,14-09-2020 12:07:54,22.91,44.99
1513,14-09-2020 12:07:55,21.81,52.08
1514,14-09-2020 12:07:56,21.71,47.97
1515,14-09-2020 12:07:57,22.18,49.39
1516,14-09-2020 12:07:58,21.35,44.7
1517,14-09-2020 12:07:59,25.97,45.66
1518,14-09-2020 12:08:00,25.01,50.96
1519,14-09-2020 12:08:01,24.1,54.6
1520,14-09-2020 12:08:02,22.64,50.47
1521,14-09-2020 12:08:03,20.55,52.85
1522,14-09-2020 12:08:04,25.38,50.74
1523,14-09-2020 12:08:05,21.53,43.27
1524,14-09-2020 12:08:06,21.67,50.4
1525,14-09-2020 12:08:07,24.59,54.0
1526,14-09-2020 12:08:09,24.12,59.5
1527,14-09-2020 12:08:10,20.83,55.68
1528,14-09-2020 12:08:11,23.38,41.27
1529,14-09-2020 12:08:12,23.03,48.17
1530,14-09-2020 12:08:13,23.15,58.0
1531,14-09-2020 12:08:14,21.83,42.39
1532,14-09-2020 12:08:15,21.57,43.39
1533,14-09-2020 12:08:16,20.51,53.88
1534,14-09-2020 12:08:17,20.23,54.58
1535,14-09-2020 12:08:18,20.9,55.97
1536,14-09-2020 12:08:19,25.8,47.97
1537,14-09-2020 12:08:20,20.52,48.91
1538,14-09-2020 12:08:21,25.52,40.25
1539,14-09-2020 12:08:22,23.63,52.36
1540,14-09-2020 12:08:23,25.06,49.56
1541,14-09-2020 12:08:24,21.35,40.82
1542,14-09-2020 12:08:25,22.51,52.31
1543,14-09-2020 12:08:26,22.02,59.62
1544,14-09-2020 12:08:27,24.14,56.61
1545,14-09-2020 12:08:28,24.14,54.37
1546,14-09-2020 12:08:29,23.35,55.16
1547,14-09-2020 12:08:30,24.18,59.53
1548,14-09-2020 12:08:31,24.31,41.2
1549,14-09-2020 12:08:32,21.59,44.9
1550,14-09-2020 12:08:33,20.85,50.95
1551,14-09-2020 12:08:34,23.46,58.94
1552,14-09-2020 12:08:35,25.23,51.12
1553,14-09-2020 12:08:36,21.3,40.76
1554,14-09-2020 12:08:37,23.33,54.21
1555,14-09-2020 12:08:38,24.49,53.87
1556,14-09-2020 12:08:39,23.87,58.41
1557,14-09-2020 12:08:40,25.49,41.35
1558,14-09-2020 12:08:41,20.74,50.88
1559,14-09-2020 12:08:42,20.1,41.89
1560,14-09-2020 12:08:43,24.91,56.85
1561,14-09-2020 12:08:44,21.28,46.29
1562,14-09-2020 12:08:45,23.93,53.56
1563,14-09-2020 12:08:47,24.31,59.27
1564,14-09-2020 12:08:48,20.83,51.08
1565,14-09-2020 12:08:49,25.9,40.47
1566,14-09-2020 12:08:50,24.19,43.44
1567,14-09-2020 12:08:51,23.53,43.69
1568,14-09-2020 12:08:52,24.94,46.76
1569,14-09-2020 12:08:53,21.4,59.85
1570,14-09-2020 12:08:54,21.23,42.89
1571,14-09-2020 12:08:55,24.47,43.96
1572,14-09-2020 12:08:56,20.71,59.24
1573,14-09-2020 12:08:57,20.54,54.73
1574,14-09-2020 12:08:58,23.93,45.97
1575,14-09-2020 12:08:59,23.88,45.43
1576,14-09-2020 12:09:00,21.85,48.18
1577,14-09-2020 12:09:01,20.94,49.16
1578,14-09-2020 12:09:02,20.32,58.63
1579,14-09-2020 12:09:03,20.62,49.42
1580,14-09-2020 12:09:04,20.85,57.0
1581,14-09-2020 12:09:05,24.36,50.31
1582,14-09-2020 12:09:06,20.9,42.02
1583,14-09-2020 12:09:07,20.08,41.36
1584,14-09-2020 12:09:08,24.23,52.99
1585,14-09-2020 12:09:09,21.11,44.48
1586,14-09-2020 12:09:10,21.32,41.76
1587,14-09-2020 12:09:11,20.94,44.89
1588,14-09-2020 12:09:12,20.63,47.56
1589,14-09-2020 12:09:13,24.08,44.87
1590,14-09-2020 12:09:14,20.74,54.88
1591,14-09-2020 12:09:15,23.62,41.84
1592,14-09-2020 12:09:16,25.16,48.84
1593,14-09-2020 12:09:17,25.25,56.98
1594,14-09-2020 12:09:18,22.61,46.48
1595,14-09-2020 12:09:19,23.91,40.51
1596,14-09-2020 12:09:20,23.13,51.68
1597,14-09-2020 12:09:21,24.93,41.53
1598,14-09-2020 12:09:22,21.99,53.08
1599,14-09-2020 12:09:23,20.3,45.2
1600,14-09-2020 12:09:24,25.18,42.45
1601,14-09-2020 12:09:26,23.62,49.42
1602,14-09-2020 12:09:27,23.69,53.65
1603,14-09-2020 12:09:28,25.37,55.56
1604,14-09-2020 12:09:29,25.95,40.91
1605,14-09-2020 12:09:30,24.21,47.3
1606,14-09-2020 12:09:31,20.78,50.32
1607,14-09-2020 12:09:32,23.08,56.55
1608,14-09-2020 12:09:33,23.89,55.85
1609,14-09-2020 12:09:34,20.72,48.42
1610,14-09-2020 12:09:35,23.29,55.71
1611,14-09-2020 12:09:36,20.19,51.6
1612,14-09-2020 12:09:37,25.65,53.43
1613,14-09-2020 12:09:38,22.91,52.35
1614,14-09-2020 12:09:39,24.5,49.63
1615,14-09-2020 12:09:40,22.89,51.0
1616,14-09-2020 12:09:41,21.17,54.58
1617,14-09-2020 12:09:42,20.1,44.88
1618,14-09-2020 12:09:43,23.88,54.58
1619,14-09-2020 12:09:44,24.77,52.64
1620,14-09-2020 12:09:45,25.45,45.6
1621,14-09-2020 12:09:46,20.59,44.52
1622,14-09-2020 12:09:47,20.85,42.76
1623,14-09-2020 12:09:48,23.55,47.19
1624,14-09-2020 12:09:49,21.84,55.91
1625,14-09-2020 12:09:50,22.56,51.46
1626,14-09-2020 12:09:51,24.28,45.44
1627,14-09-2020 12:09:52,23.09,51.9
1628,14-09-2020 12:09:53,22.6,43.6
1629,14-09-2020 12:09:54,20.53,48.15
1630,14-09-2020 12:09:55,21.11,48.81
1631,14-09-2020 12:09:56,24.15,50.63
1632,14-09-2020 12:09:57,21.16,49.64
1633,14-09-2020 12:09:58,20.99,59.6
1634,14-09-2020 12:09:59,25.76,49.67
1635,14-09-2020 12:10:00,20.35,56.12
1636,14-09-2020 12:10:01,22.71,41.18
1637,14-09-2020 12:10:02,23.86,41.66
1638,14-09-2020 12:10:03,25.66,56.18
1639,14-09-2020 12:10:04,24.85,40.36
1640,14-09-2020 12:10:06,20.81,49.11
1641,14-09-2020 12:10:07,25.18,40.16
1642,14-09-2020 12:10:08,20.99,53.27
1643,14-09-2020 12:10:09,23.08,48.74
1644,14-09-2020 12:10:10,25.43,50.79
1645,14-09-2020 12:10:11,23.87,48.93
1646,14-09-2020 12:10:12,22.64,51.29
1647,14-09-2020 12:10:13,23.04,45.2
1648,14-09-2020 12:10:14,20.37,41.38
1649,14-09-2020 12:10:15,24.09,55.77
1650,14-09-2020 12:10:16,24.49,52.79
1651,14-09-2020 12:10:17,21.18,53.42
1652,14-09-2020 12:10:18,25.44,51.42
1653,14-09-2020 12:10:19,22.45,42.46
1654,14-09-2020 12:10:20,20.73,56.77
1655,14-09-2020 12:10:21,24.96,56.55
1656,14-09-2020 12:10:22,24.62,44.27
1657,14-09-2020 12:10:23,22.64,41.39
1658,14-09-2020 12:10:24,25.24,54.02
1659,14-09-2020 12:10:25,20.64,48.63
1660,14-09-2020 12:10:26,21.05,58.22
1661,14-09-2020 12:10:27,23.35,52.55
1662,14-09-2020 12:10:28,25.3,59.72
1663,14-09-2020 12:10:29,24.98,40.24
1664,14-09-2020 12:10:30,21.2,48.3
1665,14-09-2020 12:10:31,22.33,53.88
1666,14-09-2020 12:10:32,25.67,52.5
1667,14-09-2020 12:10:33,21.28,52.49
1668,14-09-2020 12:10:34,24.49,50.47
1669,14-09-2020 12:10:35,23.84,59.66
1670,14-09-2020 12:10:36,21.7,54.93
1671,14-09-2020 12:10:37,24.14,46.5
1672,14-09-2020 12:10:38,21.11,57.09
1673,14-09-2020 12:10:39,20.36,59.74
1674,14-09-2020 12:10:40,22.18,45.56
1675,14-09-2020 12:10:42,25.52,49.81
1676,14-09-2020 12:10:43,22.81,43.66
1677,14-09-2020 12:10:44,23.05,46.92
1678,14-09-2020 12:10:45,21.38,43.87
1679,14-09-2020 12:10:46,20.06,59.03
1680,14-09-2020 12:10:47,25.46,50.02
1681,14-09-2020 12:10:48,25.71,46.98
1682,14-09-2020 12:10:49,25.84,45.04
1683,14-09-2020 12:10:50,24.99,44.32
1684,14-09-2020 12:10:51,21.51,51.83
1685,14-09-2020 12:10:52,24.36,53.78
1686,14-09-2020 12:10:53,25.59,50.52
1687,14-09-2020 12:10:54,24.11,43.45
1688,14-09-2020 12:10:55,25.17,56.25
1689,14-09-2020 12:10:56,20.74,56.76
1690,14-09-2020 12:10:57,22.4,52.47
1691,14-09-2020 12:10:58,21.65,58.01
1692,14-09-2020 12:10:59,25.06,49.86
1693,14-09-2020 12:11:00,23.51,57.41
1694,14-09-2020 12:11:01,21.59,47.4
1695,14-09-2020 12:11:02,21.5,47.79
1696,14-09-2020 12:11:03,25.48,55.16
1697,14-09-2020 12:11:04,23.55,44.23
1698,14-09-2020 12:11:05,21.9,49.33
1699,14-09-2020 12:11:06,25.85,41.98
1700,14-09-2020 12:11:07,21.02,50.11
1701,14-09-2020 12:11:08,24.88,53.68
1702,14-09-2020 12:11:09,24.16,56.92
1703,14-09-2020 12:11:10,20.82,58.02
1704,14-09-2020 12:11:11,22.23,54.45
1705,14-09-2020 12:11:12,21.67,42.29
1706,14-09-2020 12:11:13,20.96,42.77
1707,14-09-2020 12:11:14,20.21,49.01
1708,14-09-2020 12:11:15,25.7,52.21
1709,14-09-2020 12:11:16,21.06,50.96
1710,14-09-2020 12:11:17,22.88,44.81
1711,14-09-2020 12:11:18,25.82,44.43
1712,14-09-2020 12:11:20,20.38,42.12
1713,14-09-2020 12:11:21,25.65,46.03
1714,14-09-2020 12:11:22,21.01,56.18
1715,14-09-2020 12:11:23,25.33,50.85
1716,14-09-2020 12:11:24,22.39,42.69
1717,14-09-2020 12:11:25,20.2,50.81
1718,14-09-2020 12:11:26,20.86,50.19
1719,14-09-2020 12:11:27,25.6,57.78
1720,14-09-2020 12:11:28,22.0,58.57
1721,14-09-2020 12:11:29,21.32,42.68
1722,14-09-2020 12:11:30,24.13,50.6
1723,14-09-2020 12:11:31,25.4,50.18
1724,14-09-2020 12:11:32,23.93,56.59
1725,14-09-2020 12:11:33,20.0,44.94
1726,14-09-2020 12:11:34,20.75,56.96
1727,14-09-2020 12:11:35,23.82,57.58
1728,14-09-2020 12:11:36,22.58,57.1
1729,14-09-2020 12:11:37,24.83,49.7
1730,14-09-2020 12:11:38,20.61,45.67
1731,14-09-2020 12:11:39,20.88,58.45
1732,14-09-2020 12:11:40,25.65,52.92
1733,14-09-2020 12:11:41,25.71,56.19
1734,14-09-2020 12:11:42,21.28,44.23
1735,14-09-2020 12:11:43,23.86,54.32
1736,14-09-2020 12:11:44,23.01,52.67
1737,14-09-2020 12:11:45,24.23,40.34
1738,14-09-2020 12:11:46,23.0,49.04
1739,14-09-2020 12:11:47,23.9,58.01
1740,14-09-2020 12:11:48,24.95,42.88
1741,14-09-2020 12:11:49,24.6,42.7
1742,14-09-2020 12:11:50,25.11,47.98
1743,14-09-2020 12:11:51,21.94,53.63
1744,14-09-2020 12:11:52,25.01,40.02
1745,14-09-2020 12:11:53,23.03,43.53
1746,14-09-2020 12:11:54,20.54,57.42
1747,14-09-2020 12:11:55,21.12,59.89
1748,14-09-2020 12:11:56,24.24,52.17
1749,14-09-2020 12:11:57,20.88,47.79
1750,14-09-2020 12:11:58,24.32,57.92
1751,14-09-2020 12:12:00,25.64,48.36
1752,14-09-2020 12:12:01,21.92,41.68
1753,14-09-2020 12:12:02,23.23,42.18
1754,14-09-2020 12:12:03,23.94,53.5
1755,14-09-2020 12:12:04,20.12,57.08
1756,14-09-2020 12:12:05,23.17,51.03
1757,14-09-2020 12:12:06,23.4,56.58
1758,14-09-2020 12:12:07,21.54,45.53
1759,14-09-2020 12:12:08,20.71,54.82
1760,14-09-2020 12:12:09,24.96,53.7
1761,14-09-2020 12:12:10,24.37,59.46
1762,14-09-2020 12:12:11,21.34,51.11
1763,14-09-2020 12:12:12,23.89,40.95
1764,14-09-2020 12:12:13,20.57,53.76
1765,14-09-2020 12:12:14,23.3,52.56
1766,14-09-2020 12:12:15,24.01,47.27
1767,14-09-2020 12:12:16,24.01,43.58
1768,14-09-2020 12:12:17,20.01,40.46
1769,14-09-2020 12:12:18,20.24,50.53
1770,14-09-2020 12:12:19,24.24,53.75
1771,14-09-2020 12:12:20,20.16,48.84
1772,14-09-2020 12:12:21,20.99,41.09
1773,14-09-2020 12:12:22,22.86,54.73
1774,14-09-2020 12:12:23,22.63,41.17
1775,14-09-2020 12:12:24,24.83,49.36
1776,14-09-2020 12:12:25,24.82,44.49
1777,14-09-2020 12:12:26,24.89,50.03
1778,14-09-2020 12:12:27,25.08,46.91
1779,14-09-2020 12:12:28,24.92,46.35
1780,14-09-2020 12:12:29,24.75,43.01
1781,14-09-2020 12:12:30,23.66,52.33
1782,14-09-2020 12:12:31,20.14,42.45
1783,14-09-2020 12:12:32,25.8,43.31
1784,14-09-2020 12:12:33,24.19,57.01
1785,14-09-2020 12:12:34,22.1,49.91
1786,14-09-2020 12:12:35,21.78,51.05
1787,14-09-2020 12:12:36,22.56,58.17
1788,14-09-2020 12:12:37,23.28,40.02
1789,14-09-2020 12:12:38,21.27,57.55
1790,14-09-2020 12:12:40,20.48,54.33
1791,14-09-2020 12:12:41,24.06,45.72
1792,14-09-2020 12:12:42,21.41,48.46
1793,14-09-2020 12:12:43,23.8,55.25
1794,14-09-2020 12:12:44,22.75,41.87
1795,14-09-2020 12:12:45,22.81,56.33
1796,14-09-2020 12:12:46,20.56,46.8
1797,14-09-2020 12:12:47,20.16,49.07
1798,14-09-2020 12:12:48,24.96,51.8
1799,14-09-2020 12:12:49,22.21,58.22
1800,14-09-2020 12:12:50,24.73,48.18
1801,14-09-2020 12:12:51,22.71,46.04
1802,14-09-2020 12:12:52,20.38,53.71
1803,14-09-2020 12:12:53,20.08,51.56
1804,14-09-2020 12:12:54,20.01,49.34
1805,14-09-2020 12:12:55,22.11,56.3
1806,14-09-2020 12:12:56,25.82,44.11
1807,14-09-2020 12:12:57,22.59,47.72
1808,14-09-2020 12:12:58,24.23,49.68
1809,14-09-2020 12:12:59,25.86,46.26
1810,14-09-2020 12:13:00,23.97,56.7
1811,14-09-2020 12:13:01,23.74,52.1
1812,14-09-2020 12:13:02,23.32,41.7
1813,14-09-2020 12:13:03,21.67,46.4
1814,14-09-2020 12:13:04,24.7,41.91
1815,14-09-2020 12:13:05,21.36,47.12
1816,14-09-2020 12:13:06,22.34,47.68
1817,14-09-2020 12:13:07,25.71,58.34
1818,14-09-2020 12:13:08,23.1,55.57
1819,14-09-2020 12:13:09,25.64,58.75
1820,14-09-2020 12:13:10,20.26,53.16
1821,14-09-2020 12:13:11,21.33,49.73
1822,14-09-2020 12:13:12,23.0,40.05
1823,14-09-2020 12:13:14,23.94,59.26
1824,14-09-2020 12:13:15,24.2,41.11
1825,14-09-2020 12:13:16,23.94,59.17
1826,14-09-2020 12:13:17,20.03,54.54
1827,14-09-2020 12:13:18,20.88,48.72
1828,14-09-2020 12:13:19,21.05,43.23
1829,14-09-2020 12:13:20,21.88,58.75
1830,14-09-2020 12:13:21,21.92,53.1
1831,14-09-2020 12:13:22,25.02,54.68
1832,14-09-2020 12:13:23,23.49,48.66
1833,14-09-2020 12:13:24,20.96,58.23
1834,14-09-2020 12:13:25,25.86,42.72
1835,14-09-2020 12:13:26,21.05,40.2
1836,14-09-2020 12:13:27,21.66,42.74
1837,14-09-2020 12:13:28,21.79,59.03
1838,14-09-2020 12:13:29,21.66,52.32
1839,14-09-2020 12:13:30,23.57,58.82
1840,14-09-2020 12:13:31,20.97,43.29
1841,14-09-2020 12:13:32,21.47,58.01
1842,14-09-2020 12:13:33,21.47,50.53
1843,14-09-2020 12:13:34,24.46,43.29
1844,14-09-2020 12:13:35,25.66,45.05
1845,14-09-2020 12:13:36,20.08,56.83
1846,14-09-2020 12:13:37,25.87,47.8
1847,14-09-2020 12:13:38,20.4,58.5
1848,14-09-2020 12:13:39,23.0,58.26
1849,14-09-2020 12:13:40,21.63,52.55
1850,14-09-2020 12:13:41,24.72,41.89
1851,14-09-2020 12:13:42,20.37,57.86
1852,14-09-2020 12:13:43,23.01,48.59
1853,14-09-2020 12:13:44,25.31,51.74
1854,14-09-2020 12:13:45,21.05,55.67
1855,14-09-2020 12:13:46,22.62,42.8
1856,14-09-2020 12:13:47,20.21,48.86
1857,14-09-2020 12:13:48,23.95,48.78
1858,14-09-2020 12:13:50,23.51,55.05
1859,14-09-2020 12:13:51,23.38,42.65
1860,14-09-2020 12:13:52,25.51,56.47
1861,14-09-2020 12:13:53,20.82,48.42
1862,14-09-2020 12:13:54,25.21,52.98
1863,14-09-2020 12:13:55,22.26,47.59
1864,14-09-2020 12:13:56,23.23,54.02
1865,14-09-2020 12:13:57,24.26,58.57
1866,14-09-2020 12:13:58,20.94,53.62
1867,14-09-2020 12:13:59,20.91,49.61
1868,14-09-2020 12:14:00,23.14,45.01
1869,14-09-2020 12:14:01,20.91,48.62
1870,14-09-2020 12:14:02,22.11,42.65
1871,14-09-2020 12:14:03,21.86,43.3
1872,14-09-2020 12:14:04,23.29,49.4
1873,14-09-2020 12:14:05,21.19,53.1
1874,14-09-2020 12:14:06,24.39,47.73
1875,14-09-2020 12:14:07,20.86,53.79
1876,14-09-2020 12:14:08,24.52,57.17
1877,14-09-2020 12:14:09,20.8,40.03
1878,14-09-2020 12:14:10,22.71,42.77
1879,14-09-2020 12:14:11,23.75,40.64
1880,14-09-2020 12:14:12,22.19,46.74
1881,14-09-2020 12:14:13,25.65,53.54
1882,14-09-2020 12:14:14,22.51,43.23
1883,14-09-2020 12:14:15,20.62,56.17
1884,14-09-2020 12:14:16,22.64,55.55
1885,14-09-2020 12:14:17,24.38,55.29
1886,14-09-2020 12:14:18,23.96,43.42
1887,14-09-2020 12:14:19,22.92,59.92
1888,14-09-2020 12:14:20,21.96,45.18
1889,14-09-2020 12:14:21,20.76,48.57
1890,14-09-2020 12:14:22,23.34,53.22
1891,14-09-2020 12:14:23,25.52,41.23
1892,14-09-2020 12:14:24,25.53,58.09
1893,14-09-2020 12:14:25,20.73,50.36
1894,14-09-2020 12:14:26,23.17,53.17
1895,14-09-2020 12:14:27,24.0,53.48
1896,14-09-2020 12:14:28,21.16,44.94
1897,14-09-2020 12:14:29,25.67,44.84
1898,14-09-2020 12:14:31,24.75,41.56
1899,14-09-2020 12:14:32,25.03,57.81
1900,14-09-2020 12:14:33,21.04,52.69
1901,14-09-2020 12:14:34,24.75,52.83
1902,14-09-2020 12:14:35,22.4,49.73
1903,14-09-2020 12:14:36,20.54,57.89
1904,14-09-2020 12:14:37,23.01,43.95
1905,14-09-2020 12:14:38,25.65,57.21
1906,14-09-2020 12:14:39,23.44,56.44
1907,14-09-2020 12:14:40,22.81,50.97
1908,14-09-2020 12:14:41,21.97,43.95
1909,14-09-2020 12:14:42,20.11,40.32
1910,14-09-2020 12:14:43,23.69,43.6
1911,14-09-2020 12:14:44,24.29,44.85
1912,14-09-2020 12:14:45,25.71,53.24
1913,14-09-2020 12:14:46,23.98,48.25
1914,14-09-2020 12:14:47,25.46,55.97
1915,14-09-2020 12:14:48,23.71,52.08
1916,14-09-2020 12:14:49,25.28,48.14
1917,14-09-2020 12:14:50,24.14,49.5
1918,14-09-2020 12:14:51,25.95,45.04
1919,14-09-2020 12:14:52,25.8,45.64
1920,14-09-2020 12:14:53,20.42,59.62
1921,14-09-2020 12:14:54,25.25,40.66
1922,14-09-2020 12:14:55,21.51,47.42
1923,14-09-2020 12:14:56,23.85,55.68
1924,14-09-2020 12:14:57,25.49,50.52
1925,14-09-2020 12:14:58,23.73,52.5
1926,14-09-2020 12:14:59,24.06,59.85
1927,14-09-2020 12:15:00,25.79,59.56
1928,14-09-2020 12:15:01,25.81,49.52
1929,14-09-2020 12:15:02,20.03,59.13
1930,14-09-2020 12:15:03,24.16,58.19
1931,14-09-2020 12:15:04,25.51,49.46
1932,14-09-2020 12:15:05,20.97,42.13
1933,14-09-2020 12:15:06,25.7,43.93
1934,14-09-2020 12:15:07,25.66,51.73
1935,14-09-2020 12:15:08,25.24,46.05
1936,14-09-2020 12:15:10,22.9,49.87
1937,14-09-2020 12:15:11,22.2,40.24
1938,14-09-2020 12:15:12,21.17,49.47
1939,14-09-2020 12:15:13,24.61,56.79
1940,14-09-2020 12:15:14,20.95,50.07
1941,14-09-2020 12:15:15,24.24,53.91
1942,14-09-2020 12:15:16,21.85,57.95
1943,14-09-2020 12:15:17,25.12,41.1
1944,14-09-2020 12:15:18,22.73,50.78
1945,14-09-2020 12:15:19,24.78,53.97
1946,14-09-2020 12:15:20,23.31,50.28
1947,14-09-2020 12:15:21,22.72,50.08
1948,14-09-2020 12:15:22,25.22,57.26
1949,14-09-2020 12:15:23,24.47,54.94
1950,14-09-2020 12:15:24,25.55,40.95
1951,14-09-2020 12:15:25,21.12,49.57
1952,14-09-2020 12:15:26,22.27,53.69
1953,14-09-2020 12:15:27,21.08,58.4
1954,14-09-2020 12:15:28,25.43,56.07
1955,14-09-2020 12:15:29,21.81,41.55
1956,14-09-2020 12:15:30,21.9,46.53
1957,14-09-2020 12:15:31,23.76,49.63
1958,14-09-2020 12:15:32,25.66,56.26
1959,14-09-2020 12:15:33,23.47,52.5
1960,14-09-2020 12:15:34,20.04,43.12
1961,14-09-2020 12:15:35,23.98,46.48
1962,14-09-2020 12:15:36,20.69,48.07
1963,14-09-2020 12:15:37,20.39,47.95
1964,14-09-2020 12:15:38,22.44,59.9
1965,14-09-2020 12:15:39,20.68,42.22
1966,14-09-2020 12:15:40,24.45,46.94
1967,14-09-2020 12:15:41,22.91,43.06
1968,14-09-2020 12:15:42,23.92,41.23
1969,14-09-2020 12:15:43,24.37,58.68
1970,14-09-2020 12:15:44,20.04,50.25
1971,14-09-2020 12:15:45,24.13,53.13
1972,14-09-2020 12:15:46,20.08,52.82
1973,14-09-2020 12:15:48,20.17,57.39
1974,14-09-2020 12:15:49,22.6,46.9
1975,14-09-2020 12:15:50,20.62,41.81
1976,14-09-2020 12:15:51,25.97,45.05
1977,14-09-2020 12:15:52,25.16,58.1
1978,14-09-2020 12:15:53,23.34,58.77
1979,14-09-2020 12:15:54,20.66,57.76
1980,14-09-2020 12:15:55,25.81,55.63
1981,14-09-2020 12:15:56,23.6,59.58
1982,14-09-2020 12:15:57,23.21,49.76
1983,14-09-2020 12:15:58,20.94,44.72
1984,14-09-2020 12:15:59,20.62,46.77
1985,14-09-2020 12:16:00,22.35,53.46
1986,14-09-2020 12:16:01,23.42,41.34
1987,14-09-2020 12:16:02,25.69,59.22
1988,14-09-2020 12:16:03,23.69,55.75
1989,14-09-2020 12:16:04,21.81,40.26
1990,14-09-2020 12:16:05,23.6,43.28
1991,14-09-2020 12:16:06,22.62,47.7
1992,14-09-2020 12:16:07,24.94,48.17
1993,14-09-2020 12:16:08,20.56,46.17
1994,14-09-2020 12:16:09,24.69,42.99
1995,14-09-2020 12:16:10,21.42,56.92
1996,14-09-2020 12:16:11,25.18,51.86
1997,14-09-2020 12:16:12,20.85,51.89
1998,14-09-2020 12:16:13,21.38,48.99
1999,14-09-2020 12:16:14,25.79,42.5
2000,14-09-2020 12:16:15,22.57,57.67
2001,14-09-2020 12:16:16,24.07,47.93
2002,14-09-2020 12:16:17,23.26,52.13
2003,14-09-2020 12:16:18,23.35,40.76
2004,14-09-2020 12:16:19,24.26,50.06
2005,14-09-2020 12:16:20,23.9,54.28
2006,14-09-2020 12:16:21,20.16,59.55
2007,14-09-2020 12:16:22,25.58,42.34
2008,14-09-2020 12:16:23,21.53,59.41
2009,14-09-2020 12:16:24,24.74,41.28
2010,14-09-2020 12:16:25,20.56,52.62
2011,14-09-2020 12:16:27,22.4,54.92
2012,14-09-2020 12:16:28,23.62,57.13
2013,14-09-2020 12:16:29,24.15,46.86
2014,14-09-2020 12:16:30,23.18,57.04
2015,14-09-2020 12:16:31,22.42,40.07
2016,14-09-2020 12:16:32,23.27,58.9
2017,14-09-2020 12:16:33,24.79,57.8
2018,14-09-2020 12:16:34,22.23,41.04
2019,14-09-2020 12:16:35,25.43,59.05
2020,14-09-2020 12:16:36,22.97,59.3
2021,14-09-2020 12:16:37,23.63,51.06
2022,14-09-2020 12:16:38,24.12,42.64
2023,14-09-2020 12:16:39,25.44,53.35
2024,14-09-2020 12:16:40,23.17,45.21
2025,14-09-2020 12:16:41,22.51,51.22
2026,14-09-2020 12:16:42,25.05,49.55
2027,14-09-2020 12:16:43,21.03,47.11
2028,14-09-2020 12:16:44,25.49,45.66
2029,14-09-2020 12:16:45,24.51,46.67
2030,14-09-2020 12:16:46,24.46,51.66
2031,14-09-2020 12:16:47,20.83,52.75
2032,14-09-2020 12:16:48,25.16,57.75
2033,14-09-2020 12:16:49,21.39,44.38
2034,14-09-2020 12:16:50,25.77,50.0
2035,14-09-2020 12:16:51,23.04,41.21
2036,14-09-2020 12:16:52,22.7,45.53
2037,14-09-2020 12:16:53,24.05,40.82
2038,14-09-2020 12:16:54,23.86,51.22
2039,14-09-2020 12:16:55,21.85,57.78
2040,14-09-2020 12:16:56,23.9,57.34
2041,14-09-2020 12:16:57,22.53,44.71
2042,14-09-2020 12:16:58,23.1,55.96
2043,14-09-2020 12:16:59,25.69,56.16
2044,14-09-2020 12:17:00,24.51,47.34
2045,14-09-2020 12:17:01,25.31,46.5
2046,14-09-2020 12:17:02,22.37,46.5
2047,14-09-2020 12:17:03,25.5,42.34
2048,14-09-2020 12:17:04,22.81,56.95
2049,14-09-2020 12:17:05,25.65,44.31
2050,14-09-2020 12:17:07,21.75,58.74
2051,14-09-2020 12:17:08,22.51,57.12
2052,14-09-2020 12:17:09,20.25,57.3
2053,14-09-2020 12:17:10,24.27,53.23
2054,14-09-2020 12:17:11,25.66,51.87
2055,14-09-2020 12:17:12,20.51,59.88
2056,14-09-2020 12:17:13,25.71,44.54
2057,14-09-2020 12:17:14,24.6,50.51
2058,14-09-2020 12:17:15,20.28,41.39
2059,14-09-2020 12:17:16,21.03,52.6
2060,14-09-2020 12:17:17,21.88,56.05
2061,14-09-2020 12:17:18,21.02,57.18
2062,14-09-2020 12:17:19,21.79,45.31
2063,14-09-2020 12:17:20,21.55,40.84
2064,14-09-2020 12:17:21,23.82,47.94
2065,14-09-2020 12:17:22,25.5,59.31
2066,14-09-2020 12:17:23,25.26,54.8
2067,14-09-2020 12:17:24,21.82,41.17
2068,14-09-2020 12:17:25,24.98,42.51
2069,14-09-2020 12:17:26,21.35,53.95
2070,14-09-2020 12:17:27,21.73,50.59
2071,14-09-2020 12:17:28,21.41,58.6
2072,14-09-2020 12:17:29,21.02,59.14
2073,14-09-2020 12:17:30,20.87,59.66
2074,14-09-2020 12:17:31,23.71,55.29
2075,14-09-2020 12:17:32,21.28,51.91
2076,14-09-2020 12:17:33,23.46,46.16
2077,14-09-2020 12:17:34,21.1,54.89
2078,14-09-2020 12:17:35,20.28,40.89
2079,14-09-2020 12:17:36,20.88,49.86
2080,14-09-2020 12:17:37,23.75,46.68
2081,14-09-2020 12:17:38,23.92,51.94
2082,14-09-2020 12:17:39,20.2,57.47
2083,14-09-2020 12:17:40,22.4,56.91
2084,14-09-2020 12:17:41,23.37,57.19
2085,14-09-2020 12:17:42,21.82,44.8
2086,14-09-2020 12:17:43,22.75,45.26
2087,14-09-2020 12:17:44,22.33,45.84
2088,14-09-2020 12:17:45,21.12,41.72
2089,14-09-2020 12:17:47,20.19,40.27
2090,14-09-2020 12:17:48,23.53,45.65
2091,14-09-2020 12:17:49,22.8,46.75
2092,14-09-2020 12:17:50,20.29,51.27
2093,14-09-2020 12:17:51,23.94,57.47
2094,14-09-2020 12:17:52,22.15,49.66
2095,14-09-2020 12:17:53,24.08,49.67
2096,14-09-2020 12:17:54,21.31,53.36
2097,14-09-2020 12:17:55,23.98,51.53
2098,14-09-2020 12:17:56,24.86,54.35
2099,14-09-2020 12:17:57,20.31,56.15
2100,14-09-2020 12:17:58,25.1,49.2
2101,14-09-2020 12:17:59,25.06,46.48
2102,14-09-2020 12:18:00,21.25,48.23
2103,14-09-2020 12:18:01,25.78,45.41
2104,14-09-2020 12:18:02,22.4,48.83
2105,14-09-2020 12:18:03,21.33,51.78
2106,14-09-2020 12:18:04,20.57,49.29
2107,14-09-2020 12:18:05,22.8,45.27
2108,14-09-2020 12:18:06,22.76,43.71
2109,14-09-2020 12:18:07,20.39,40.25
2110,14-09-2020 12:18:08,20.34,43.75
2111,14-09-2020 12:18:09,24.08,50.27
2112,14-09-2020 12:18:10,22.17,41.37
2113,14-09-2020 12:18:11,20.38,52.07
2114,14-09-2020 12:18:12,22.73,42.58
2115,14-09-2020 12:18:13,23.56,53.8
2116,14-09-2020 12:18:14,20.69,53.77
2117,14-09-2020 12:18:15,23.98,48.35
2118,14-09-2020 12:18:16,21.09,53.09
2119,14-09-2020 12:18:17,22.82,45.22
2120,14-09-2020 12:18:18,25.35,59.91
2121,14-09-2020 12:18:19,20.41,54.9
2122,14-09-2020 12:18:20,25.85,49.36
2123,14-09-2020 12:18:21,25.75,46.84
2124,14-09-2020 12:18:22,25.18,45.79
2125,14-09-2020 12:18:24,25.81,56.65
2126,14-09-2020 12:18:25,24.91,41.04
2127,14-09-2020 12:18:26,23.82,41.24
2128,14-09-2020 12:18:27,22.13,54.38
2129,14-09-2020 12:18:28,20.12,46.83
2130,14-09-2020 12:18:29,21.32,59.0
2131,14-09-2020 12:18:30,23.34,48.56
2132,14-09-2020 12:18:31,24.42,53.9
2133,14-09-2020 12:18:32,20.97,45.54
2134,14-09-2020 12:18:33,24.41,55.8
2135,14-09-2020 12:18:34,24.61,54.14
2136,14-09-2020 12:18:35,20.78,48.08
2137,14-09-2020 12:18:36,21.48,41.69
2138,14-09-2020 12:18:37,20.71,59.99
2139,14-09-2020 12:18:38,22.62,52.32
2140,14-09-2020 12:18:39,24.61,59.35
2141,14-09-2020 12:18:40,25.58,52.9
2142,14-09-2020 12:18:41,21.0,48.09
2143,14-09-2020 12:18:42,21.27,45.69
2144,14-09-2020 12:18:43,21.26,40.55
2145,14-09-2020 12:18:44,25.95,48.65
2146,14-09-2020 12:18:45,24.79,45.32
2147,14-09-2020 12:18:46,21.39,47.56
2148,14-09-2020 12:18:47,21.34,59.06
2149,14-09-2020 12:18:48,23.02,48.55
2150,14-09-2020 12:18:49,22.2,56.04
2151,14-09-2020 12:18:50,24.28,46.06
2152,14-09-2020 12:18:51,24.62,42.27
2153,14-09-2020 12:18:52,21.87,58.07
2154,14-09-2020 12:18:53,21.34,48.41
2155,14-09-2020 12:18:54,24.04,57.12
2156,14-09-2020 12:18:55,25.33,52.91
2157,14-09-2020 12:18:56,21.02,51.6
2158,14-09-2020 12:18:57,22.65,55.07
2159,14-09-2020 12:18:58,21.89,56.38
2160,14-09-2020 12:18:59,24.84,58.83
2161,14-09-2020 12:19:00,23.5,43.71
2162,14-09-2020 12:19:01,20.0,52.3
2163,14-09-2020 12:19:02,22.78,52.44
2164,14-09-2020 12:19:03,25.46,45.61
2165,14-09-2020 12:19:04,25.81,52.43
2166,14-09-2020 12:19:05,24.0,42.56
2167,14-09-2020 12:19:06,22.48,53.33
2168,14-09-2020 12:19:08,23.25,55.71
2169,14-09-2020 12:19:09,22.37,58.34
2170,14-09-2020 12:19:10,21.2,54.43
2171,14-09-2020 12:19:11,25.63,59.3
2172,14-09-2020 12:19:12,23.12,41.95
2173,14-09-2020 12:19:13,20.27,47.89
2174,14-09-2020 12:19:14,23.17,57.08
2175,14-09-2020 12:19:15,23.34,59.96
2176,14-09-2020 12:19:16,25.83,54.82
2177,14-09-2020 12:19:17,21.18,48.71
2178,14-09-2020 12:19:18,23.16,56.15
2179,14-09-2020 12:19:19,20.25,44.99
2180,14-09-2020 12:19:20,24.87,56.6
2181,14-09-2020 12:19:21,20.19,54.11
2182,14-09-2020 12:19:22,23.86,59.11
2183,14-09-2020 12:19:23,24.55,44.75
2184,14-09-2020 12:19:24,22.77,43.37
2185,14-09-2020 12:19:25,22.75,54.94
2186,14-09-2020 12:19:26,21.33,41.11
2187,14-09-2020 12:19:27,21.06,50.71
2188,14-09-2020 12:19:28,20.14,54.14
2189,14-09-2020 12:19:29,24.31,45.87
2190,14-09-2020 12:19:30,23.0,50.2
2191,14-09-2020 12:19:31,21.52,41.6
2192,14-09-2020 12:19:32,25.7,54.99
2193,14-09-2020 12:19:33,24.81,43.39
2194,14-09-2020 12:19:34,25.6,53.56
2195,14-09-2020 12:19:35,25.86,56.34
2196,14-09-2020 12:19:36,22.81,55.92
2197,14-09-2020 12:19:37,25.06,55.43
2198,14-09-2020 12:19:38,23.05,44.03
2199,14-09-2020 12:19:39,23.87,42.56
2200,14-09-2020 12:19:40,25.19,50.98
2201,14-09-2020 12:19:41,24.34,56.52
2202,14-09-2020 12:19:42,23.05,52.84
2203,14-09-2020 12:19:43,22.65,50.68
2204,14-09-2020 12:19:45,21.63,57.25
2205,14-09-2020 12:19:46,23.85,57.67
2206,14-09-2020 12:19:47,21.97,42.07
2207,14-09-2020 12:19:48,22.15,44.68
2208,14-09-2020 12:19:49,21.08,47.26
2209,14-09-2020 12:19:50,20.35,59.99
2210,14-09-2020 12:19:51,23.28,40.64
2211,14-09-2020 12:19:52,23.07,41.82
2212,14-09-2020 12:19:53,22.6,53.57
2213,14-09-2020 12:19:54,22.08,54.38
2214,14-09-2020 12:19:55,23.07,54.15
2215,14-09-2020 12:19:56,25.62,46.83
2216,14-09-2020 12:19:57,20.79,43.03
2217,14-09-2020 12:19:58,21.63,44.14
2218,14-09-2020 12:19:59,25.98,41.79
2219,14-09-2020 12:20:00,22.94,48.06
2220,14-09-2020 12:20:01,20.85,49.43
2221,14-09-2020 12:20:02,24.81,51.4
2222,14-09-2020 12:20:03,20.58,51.24
2223,14-09-2020 12:20:04,20.33,48.98
2224,14-09-2020 12:20:05,20.42,47.5
2225,14-09-2020 12:20:06,23.26,53.69
2226,14-09-2020 12:20:07,22.35,50.51
2227,14-09-2020 12:20:08,25.52,42.74
2228,14-09-2020 12:20:09,22.31,53.96
2229,14-09-2020 12:20:10,25.07,44.17
2230,14-09-2020 12:20:11,20.47,50.23
2231,14-09-2020 12:20:12,23.61,54.51
2232,14-09-2020 12:20:13,25.67,49.57
2233,14-09-2020 12:20:14,21.65,49.93
2234,14-09-2020 12:20:15,24.22,46.53
2235,14-09-2020 12:20:16,24.23,52.36
2236,14-09-2020 12:20:17,20.46,57.62
2237,14-09-2020 12:20:18,21.14,58.89
2238,14-09-2020 12:20:19,21.17,54.51
2239,14-09-2020 12:20:20,20.71,41.92
2240,14-09-2020 12:20:22,24.19,52.23
2241,14-09-2020 12:20:23,23.13,52.48
2242,14-09-2020 12:20:24,20.34,49.03
2243,14-09-2020 12:20:25,23.87,52.24
2244,14-09-2020 12:20:26,20.09,52.31
2245,14-09-2020 12:20:27,22.03,46.64
2246,14-09-2020 12:20:28,20.62,49.34
2247,14-09-2020 12:20:29,21.9,43.94
2248,14-09-2020 12:20:30,25.06,56.52
2249,14-09-2020 12:20:31,20.79,50.89
2250,14-09-2020 12:20:32,20.29,43.22
2251,14-09-2020 12:20:33,21.5,49.23
2252,14-09-2020 12:20:34,22.89,50.8
2253,14-09-2020 12:20:35,21.54,46.59
2254,14-09-2020 12:20:36,25.66,44.37
2255,14-09-2020 12:20:37,20.4,41.56
2256,14-09-2020 12:20:38,24.58,53.7
2257,14-09-2020 12:20:39,23.4,59.45
2258,14-09-2020 12:20:40,25.9,48.96
2259,14-09-2020 12:20:41,24.09,55.23
2260,14-09-2020 12:20:42,24.85,56.82
2261,14-09-2020 12:20:43,20.96,53.66
2262,14-09-2020 12:20:44,25.36,49.79
2263,14-09-2020 12:20:45,24.48,41.84
2264,14-09-2020 12:20:46,20.26,49.27
2265,14-09-2020 12:20:47,21.66,44.57
2266,14-09-2020 12:20:48,24.79,59.71
2267,14-09-2020 12:20:49,24.73,59.83
2268,14-09-2020 12:20:50,25.06,43.67
2269,14-09-2020 12:20:51,25.85,41.13
2270,14-09-2020 12:20:52,24.55,45.21
2271,14-09-2020 12:20:53,25.87,43.75
2272,14-09-2020 12:20:54,23.34,52.41
2273,14-09-2020 12:20:55,22.28,56.04
2274,14-09-2020 12:20:56,23.47,42.06
2275,14-09-2020 12:20:57,25.33,46.51
2276,14-09-2020 12:20:58,24.45,40.61
2277,14-09-2020 12:21:00,21.08,53.95
2278,14-09-2020 12:21:01,22.93,51.09
2279,14-09-2020 12:21:02,20.93,52.44
2280,14-09-2020 12:21:03,22.61,45.54
2281,14-09-2020 12:21:04,21.33,44.0
2282,14-09-2020 12:21:05,24.28,57.93
2283,14-09-2020 12:21:06,25.55,56.09
2284,14-09-2020 12:21:07,20.01,45.97
2285,14-09-2020 12:21:08,25.84,48.11
2286,14-09-2020 12:21:09,21.55,49.58
2287,14-09-2020 12:21:10,24.35,42.11
2288,14-09-2020 12:21:11,24.77,41.76
2289,14-09-2020 12:21:12,24.42,47.57
2290,14-09-2020 12:21:13,25.08,58.94
2291,14-09-2020 12:21:14,25.23,46.92
2292,14-09-2020 12:21:15,24.21,41.09
2293,14-09-2020 12:21:16,22.49,41.36
2294,14-09-2020 12:21:17,20.99,58.98
2295,14-09-2020 12:21:18,20.11,57.42
2296,14-09-2020 12:21:19,25.48,58.83
2297,14-09-2020 12:21:20,20.46,48.2
2298,14-09-2020 12:21:21,20.6,40.27
2299,14-09-2020 12:21:22,25.52,56.04
2300,14-09-2020 12:21:23,24.37,59.06
2301,14-09-2020 12:21:24,20.65,57.16
2302,14-09-2020 12:21:25,20.03,48.77
2303,14-09-2020 12:21:26,20.07,53.74
2304,14-09-2020 12:21:27,22.54,50.55
2305,14-09-2020 12:21:28,23.27,56.76
2306,14-09-2020 12:21:29,23.04,49.06
2307,14-09-2020 12:21:30,21.56,43.54
2308,14-09-2020 12:21:31,20.77,40.65
2309,14-09-2020 12:21:32,21.79,51.52
2310,14-09-2020 12:21:33,21.01,55.58
2311,14-09-2020 12:21:34,24.67,58.06
2312,14-09-2020 12:21:35,22.37,54.07
2313,14-09-2020 12:21:36,22.53,47.29
2314,14-09-2020 12:21:37,21.51,59.92
2315,14-09-2020 12:21:38,21.48,46.63
2316,14-09-2020 12:21:40,20.56,57.14
2317,14-09-2020 12:21:41,21.33,40.13
2318,14-09-2020 12:21:42,20.98,52.04
2319,14-09-2020 12:21:43,20.95,44.95
2320,14-09-2020 12:21:44,22.11,48.68
2321,14-09-2020 12:21:45,20.94,57.78
2322,14-09-2020 12:21:46,23.35,56.68
2323,14-09-2020 12:21:47,25.4,53.69
2324,14-09-2020 12:21:48,22.86,46.18
2325,14-09-2020 12:21:49,21.77,59.84
2326,14-09-2020 12:21:50,24.84,57.42
2327,14-09-2020 12:21:51,24.8,46.71
2328,14-09-2020 12:21:52,25.71,57.83
2329,14-09-2020 12:21:53,25.78,43.74
2330,14-09-2020 12:21:54,24.06,57.12
2331,14-09-2020 12:21:55,20.47,56.57
2332,14-09-2020 12:21:56,22.84,43.59
2333,14-09-2020 12:21:57,21.72,55.7
2334,14-09-2020 12:21:58,24.78,41.63
2335,14-09-2020 12:21:59,22.96,55.87
2336,14-09-2020 12:22:00,24.28,50.94
2337,14-09-2020 12:22:01,20.81,54.87
2338,14-09-2020 12:22:02,22.34,50.71
2339,14-09-2020 12:22:03,20.27,42.1
2340,14-09-2020 12:22:04,20.8,40.49
2341,14-09-2020 12:22:05,22.23,49.44
2342,14-09-2020 12:22:06,23.26,48.26
2343,14-09-2020 12:22:07,25.7,57.94
2344,14-09-2020 12:22:08,20.88,52.6
2345,14-09-2020 12:22:09,20.28,42.32
2346,14-09-2020 12:22:10,20.93,58.06
2347,14-09-2020 12:22:11,23.6,46.99
2348,14-09-2020 12:22:12,21.85,56.49
2349,14-09-2020 12:22:13,24.98,46.22
2350,14-09-2020 12:22:14,20.08,41.55
2351,14-09-2020 12:22:15,24.82,40.9
2352,14-09-2020 12:22:16,20.33,56.25
2353,14-09-2020 12:22:17,23.83,44.71
2354,14-09-2020 12:22:19,21.62,58.69
2355,14-09-2020 12:22:20,25.34,42.49
2356,14-09-2020 12:22:21,22.54,45.36
2357,14-09-2020 12:22:22,21.2,57.47
2358,14-09-2020 12:22:23,20.47,48.02
2359,14-09-2020 12:22:24,21.82,42.57
2360,14-09-2020 12:22:25,25.78,56.64
2361,14-09-2020 12:22:26,25.26,41.33
2362,14-09-2020 12:22:27,25.82,49.38
2363,14-09-2020 12:22:28,21.1,42.47
2364,14-09-2020 12:22:29,23.66,55.62
2365,14-09-2020 12:22:30,21.81,47.18
2366,14-09-2020 12:22:31,20.31,51.27
2367,14-09-2020 12:22:32,20.63,52.28
2368,14-09-2020 12:22:33,25.46,54.46
2369,14-09-2020 12:22:34,20.59,54.83
2370,14-09-2020 12:25:27,23.71,47.75
2371,14-09-2020 12:25:28,20.63,52.76
2372,14-09-2020 12:25:29,20.62,58.1
2373,14-09-2020 12:25:30,20.46,44.66
2374,14-09-2020 12:25:31,21.09,47.71
2375,14-09-2020 12:25:32,22.86,58.11
2376,14-09-2020 12:25:33,21.88,41.55
2377,14-09-2020 12:25:34,23.08,54.34
2378,14-09-2020 12:25:35,23.1,54.48
2379,14-09-2020 12:25:36,25.18,57.42
2380,14-09-2020 12:25:37,25.35,52.52
2381,14-09-2020 12:25:38,25.89,41.15
2382,14-09-2020 12:25:39,24.09,45.66
2383,14-09-2020 12:25:40,20.34,59.47
2384,14-09-2020 12:25:41,20.54,49.33
2385,14-09-2020 12:25:42,23.07,54.62
2386,14-09-2020 12:25:43,21.51,41.97
2387,14-09-2020 12:25:44,24.06,52.3
2388,14-09-2020 12:25:45,24.14,41.13
2389,14-09-2020 12:25:46,20.96,50.04
2390,14-09-2020 12:25:47,24.03,42.29
2391,14-09-2020 12:25:49,24.57,44.16
2392,14-09-2020 12:25:50,24.0,53.62
2393,14-09-2020 12:25:51,24.16,42.1
2394,14-09-2020 12:25:52,21.88,46.67
2395,14-09-2020 12:25:53,23.28,50.07
2396,14-09-2020 12:25:54,22.9,41.9
2397,14-09-2020 12:25:55,23.88,56.98
2398,14-09-2020 12:25:56,20.56,49.27
2399,14-09-2020 12:25:57,23.28,53.51
2400,14-09-2020 12:25:58,21.52,58.9
2401,14-09-2020 12:25:59,24.03,40.7
2402,14-09-2020 12:26:00,24.29,42.79
2403,14-09-2020 12:26:01,24.82,47.32
2404,14-09-2020 12:26:02,22.37,43.64
2405,14-09-2020 12:26:03,21.79,47.04
2406,14-09-2020 12:26:04,25.47,58.21
2407,14-09-2020 12:26:05,22.86,52.94
2408,14-09-2020 12:26:06,21.07,44.6
2409,14-09-2020 12:26:07,25.6,52.91
2410,14-09-2020 12:26:08,20.66,54.04
2411,14-09-2020 12:26:09,21.93,51.62
2412,14-09-2020 12:26:10,21.97,51.97
2413,14-09-2020 12:26:11,23.35,45.18
2414,14-09-2020 12:26:12,23.35,41.09
2415,14-09-2020 12:26:13,22.08,56.84
2416,14-09-2020 12:26:14,23.7,51.14
2417,14-09-2020 12:26:15,22.41,55.33
2418,14-09-2020 12:26:16,20.57,42.97
2419,14-09-2020 12:26:17,21.89,51.1
2420,14-09-2020 12:26:18,25.0,53.03
2421,14-09-2020 12:26:19,24.44,42.22
2422,14-09-2020 12:26:20,25.74,51.79
2423,14-09-2020 12:26:21,25.19,45.81
2424,14-09-2020 12:26:22,23.6,50.88
2425,14-09-2020 12:26:23,20.28,42.73
2426,14-09-2020 12:26:24,22.14,44.7
2427,14-09-2020 12:26:25,24.94,40.6
2428,14-09-2020 12:26:26,22.91,59.82
2429,14-09-2020 12:26:28,23.07,49.9
2430,14-09-2020 12:26:29,21.36,44.42
2431,14-09-2020 12:26:30,22.41,44.2
2432,14-09-2020 12:26:31,21.5,44.28
2433,14-09-2020 12:26:32,21.12,53.89
2434,14-09-2020 12:26:33,25.04,40.71
2435,14-09-2020 12:26:34,21.26,40.48
2436,14-09-2020 12:26:35,22.65,52.54
2437,14-09-2020 12:26:36,24.08,50.31
2438,14-09-2020 12:26:37,24.39,45.4
2439,14-09-2020 12:26:38,23.59,52.28
2440,14-09-2020 12:26:39,24.78,52.53
2441,14-09-2020 12:26:40,20.44,58.35
2442,14-09-2020 12:26:41,22.27,53.14
2443,14-09-2020 12:26:42,23.29,45.54
2444,14-09-2020 12:26:43,25.13,41.58
2445,14-09-2020 12:26:44,25.21,55.31
2446,14-09-2020 12:26:45,21.72,58.14
2447,14-09-2020 12:26:46,24.53,57.59
2448,14-09-2020 12:26:47,25.68,40.75
2449,14-09-2020 12:26:48,20.75,49.48
2450,14-09-2020 12:26:49,24.23,47.85
2451,14-09-2020 12:26:50,25.83,42.16
2452,14-09-2020 12:26:51,20.58,47.37
2453,14-09-2020 12:26:52,21.9,58.49
2454,14-09-2020 12:26:53,24.07,41.89
2455,14-09-2020 12:26:54,20.52,49.95
2456,14-09-2020 12:26:55,21.01,49.1
2457,14-09-2020 12:26:56,25.89,59.46
2458,14-09-2020 12:26:57,25.21,59.43
2459,14-09-2020 12:26:58,23.66,52.8
2460,14-09-2020 12:26:59,20.57,57.71
2461,14-09-2020 12:27:00,22.02,55.67
2462,14-09-2020 12:27:01,22.32,52.26
2463,14-09-2020 12:27:02,21.7,42.49
2464,14-09-2020 12:27:03,21.95,46.42
2465,14-09-2020 12:27:04,21.76,54.3
2466,14-09-2020 12:27:05,20.17,51.27
2467,14-09-2020 12:27:07,21.48,40.68
2468,14-09-2020 12:27:08,21.46,49.95
2469,14-09-2020 12:27:09,20.86,53.65
2470,14-09-2020 12:27:10,20.57,56.52
2471,14-09-2020 12:27:11,22.85,49.19
2472,14-09-2020 12:27:12,22.08,52.71
2473,14-09-2020 12:27:13,23.32,59.45
2474,14-09-2020 12:27:14,24.32,50.12
2475,14-09-2020 12:27:15,20.72,59.22
2476,14-09-2020 12:27:16,25.58,48.32
2477,14-09-2020 12:27:17,20.02,47.49
2478,14-09-2020 12:27:18,23.16,44.73
2479,14-09-2020 12:27:19,20.8,40.93
2480,14-09-2020 12:27:20,20.03,46.92
2481,14-09-2020 12:27:21,25.13,56.8
2482,14-09-2020 12:27:22,21.27,58.9
2483,14-09-2020 12:27:23,22.27,52.12
2484,14-09-2020 12:27:24,21.85,56.89
2485,14-09-2020 12:27:25,25.58,40.25
2486,14-09-2020 12:27:26,21.63,50.67
2487,14-09-2020 12:27:27,20.53,53.9
2488,14-09-2020 12:27:28,22.26,50.94
2489,14-09-2020 12:27:29,24.2,54.78
2490,14-09-2020 12:27:30,20.84,59.0
2491,14-09-2020 12:27:31,21.37,57.61
2492,14-09-2020 12:27:32,24.14,58.14
2493,14-09-2020 12:27:33,23.98,53.58
2494,14-09-2020 12:27:34,21.85,53.74
2495,14-09-2020 12:27:35,20.74,52.71
2496,14-09-2020 12:27:36,23.85,57.39
2497,14-09-2020 12:27:37,24.36,42.49
2498,14-09-2020 12:27:38,22.37,52.64
2499,14-09-2020 12:27:39,22.82,53.35
2500,14-09-2020 12:27:40,25.91,42.02
2501,14-09-2020 12:27:41,23.91,53.7
2502,14-09-2020 12:27:43,20.3,53.78
2503,14-09-2020 12:27:44,20.97,56.11
2504,14-09-2020 12:27:45,21.03,54.66
2505,14-09-2020 12:27:46,25.21,48.52
2506,14-09-2020 12:27:47,20.87,55.25
2507,14-09-2020 12:27:48,24.82,53.57
2508,14-09-2020 12:27:49,20.35,40.47
2509,14-09-2020 12:27:50,21.66,49.31
2510,14-09-2020 12:27:51,20.14,59.02
2511,14-09-2020 12:27:52,20.7,44.97
2512,14-09-2020 12:27:53,20.92,53.87
2513,14-09-2020 12:27:54,20.68,45.96
2514,14-09-2020 12:27:55,23.91,43.63
2515,14-09-2020 12:27:56,22.49,42.14
